Rk,Player,Age,Team,Pos,G,GS,MP,FG,FGA,FG%,3P,3PA,3P%,2P,2PA,2P%,eFG%,FT,FTA,FT%,ORB,DRB,TRB,AST,STL,BLK,TOV,PF,PTS,Awards,Player-additional
1,James Harden,28,HOU,SG,72,72,35.4,9.0,20.1,.449,3.7,10.0,.367,5.4,10.1,.531,.541,8.7,10.1,.858,0.6,4.8,5.4,8.8,1.8,0.7,4.4,2.3,30.4,MVP-1ASNBA1,hardeja01
2,Anthony Davis,24,NOP,PF,75,75,36.4,10.4,19.5,.534,0.7,2.2,.340,9.7,17.3,.558,.552,6.6,8.0,.828,2.5,8.6,11.1,2.3,1.5,2.6,2.2,2.1,28.1,MVP-3DPOY-3ASNBA1DEF1,davisan02
3,LeBron James,33,CLE,PF,82,82,36.9,10.5,19.3,.542,1.8,5.0,.367,8.6,14.3,.603,.590,4.7,6.5,.731,1.2,7.5,8.6,9.1,1.4,0.9,4.2,1.7,27.5,MVP-2ASNBA1,jamesle01
4,Giannis Antetokounmpo,23,MIL,PF,75,75,36.7,9.9,18.7,.529,0.6,1.9,.307,9.3,16.8,.554,.545,6.5,8.5,.760,2.1,8.0,10.0,4.8,1.5,1.4,3.0,3.1,26.9,MVP-6ASNBA2,antetgi01
5,Damian Lillard,27,POR,PG,73,73,36.6,8.5,19.4,.439,3.1,8.6,.361,5.4,10.8,.501,.519,6.8,7.4,.916,0.8,3.6,4.5,6.6,1.1,0.4,2.8,1.6,26.9,MVP-4ASNBA1,lillada01
6,Stephen Curry,29,GSW,PG,51,51,32.0,8.4,16.9,.495,4.2,9.8,.423,4.2,7.1,.595,.618,5.5,5.9,.921,0.7,4.4,5.1,6.1,1.6,0.2,3.0,2.2,26.4,MVP-10ASNBA3,curryst01
7,Kevin Durant,29,GSW,SF,68,68,34.2,9.3,18.0,.516,2.5,6.1,.419,6.7,11.9,.565,.586,5.3,5.9,.889,0.5,6.4,6.8,5.4,0.7,1.8,3.0,2.0,26.4,MVP-7DPOY-9ASNBA1,duranke01
8,Russell Westbrook,29,OKC,PG,80,80,36.4,9.5,21.1,.449,1.2,4.1,.298,8.3,17.0,.485,.477,5.2,7.1,.737,1.9,8.2,10.1,10.3,1.8,0.3,4.8,2.5,25.4,MVP-5ASNBA2,westbru01
9,DeMarcus Cousins,27,NOP,C,48,48,36.2,8.5,18.0,.470,2.2,6.1,.354,6.3,11.9,.530,.530,6.1,8.2,.746,2.2,10.7,12.9,5.4,1.6,1.6,5.0,3.8,25.2,AS,couside01
10,Devin Booker,21,PHO,SG,54,54,34.5,8.4,19.5,.432,2.7,7.1,.383,5.7,12.4,.460,.501,5.4,6.1,.878,0.5,4.0,4.5,4.7,0.9,0.3,3.6,3.1,24.9,,bookede01
11,Kyrie Irving,25,BOS,PG,60,60,32.2,8.9,18.1,.491,2.8,6.8,.408,6.1,11.3,.541,.568,3.9,4.4,.889,0.6,3.2,3.8,5.1,1.1,0.3,2.3,2.0,24.4,AS,irvinky01
12,LaMarcus Aldridge,32,SAS,C,75,75,33.5,9.2,18.0,.510,0.4,1.2,.293,8.8,16.7,.526,.520,4.5,5.3,.837,3.3,5.2,8.5,2.0,0.6,1.2,1.5,2.1,23.1,MVP-9ASNBA2,aldrila01
13,Victor Oladipo,25,IND,SG,75,75,34.0,8.5,17.9,.477,2.1,5.8,.371,6.4,12.1,.528,.537,3.9,4.9,.799,0.6,4.6,5.2,4.3,2.4,0.8,2.9,2.3,23.1,MVP-13DPOY-15MIP-1ASNBA3DEF1,oladivi01
14,DeMar DeRozan,28,TOR,SG,80,80,33.9,8.1,17.7,.456,1.1,3.6,.310,7.0,14.1,.494,.488,5.8,7.0,.825,0.7,3.2,3.9,5.2,1.1,0.3,2.2,1.9,23.0,MVP-8ASNBA2,derozde01
15,Joel Embiid,23,PHI,C,63,63,30.3,8.1,16.8,.483,1.0,3.4,.308,7.0,13.4,.527,.514,5.7,7.4,.769,2.3,8.7,11.0,3.2,0.6,1.8,3.7,3.3,22.9,MVP-12DPOY-2ASNBA2DEF2,embiijo01
16,Kristaps Porziņģis,22,NYK,PF,48,48,32.4,8.1,18.5,.439,1.9,4.8,.395,6.3,13.8,.454,.489,4.5,5.7,.793,1.3,5.3,6.6,1.2,0.8,2.4,1.9,2.9,22.7,AS,porzikr01
17,Bradley Beal,24,WAS,SG,82,82,36.3,8.3,18.1,.460,2.4,6.5,.375,5.9,11.6,.507,.527,3.6,4.5,.791,0.7,3.7,4.4,4.5,1.2,0.4,2.6,2.0,22.6,AS,bealbr01
18,Lou Williams,31,LAC,SG,79,19,32.8,7.4,16.9,.435,2.4,6.6,.359,5.0,10.4,.484,.505,5.5,6.2,.880,0.5,2.0,2.5,5.3,1.1,0.2,3.0,1.3,22.6,6MOY-1,willilo02
19,Jimmy Butler,28,MIN,SG,59,59,36.7,7.4,15.6,.474,1.2,3.4,.350,6.2,12.2,.509,.512,6.2,7.2,.854,1.3,4.0,5.3,4.9,2.0,0.4,1.8,1.3,22.2,MVP-10DPOY-12ASNBA3DEF2,butleji01
20,Kemba Walker,27,CHO,PG,80,80,34.2,7.4,17.0,.431,2.9,7.5,.384,4.5,9.5,.469,.516,4.5,5.3,.864,0.4,2.7,3.1,5.6,1.1,0.3,2.2,1.2,22.1,AS,walkeke02
21,Paul George,27,OKC,SF,79,79,36.6,7.3,17.0,.430,3.1,7.7,.401,4.2,9.3,.454,.521,4.3,5.2,.822,0.9,4.7,5.7,3.3,2.0,0.5,2.7,2.9,21.9,DPOY-4ASNBA3,georgpa01
22,Blake Griffin,28,2TM,PF,58,58,34.0,7.5,17.2,.438,1.9,5.6,.345,5.6,11.6,.482,.493,4.5,5.7,.785,1.3,6.1,7.4,5.8,0.7,0.3,2.8,2.4,21.4,,griffbl01
22,Blake Griffin,28,LAC,PF,33,33,34.5,7.7,17.5,.441,1.9,5.7,.342,5.8,11.8,.488,.497,5.2,6.6,.785,1.4,6.5,7.9,5.4,0.9,0.3,3.0,2.4,22.6,,griffbl01
22,Blake Griffin,28,DET,PF,25,25,33.2,7.2,16.7,.433,1.9,5.4,.348,5.4,11.3,.473,.489,3.5,4.4,.784,1.1,5.6,6.6,6.2,0.4,0.4,2.6,2.4,19.8,,griffbl01
23,CJ McCollum,26,POR,SG,81,81,36.1,8.2,18.6,.443,2.3,5.9,.397,5.9,12.7,.465,.506,2.6,3.1,.836,0.7,3.3,4.0,3.4,1.0,0.4,1.9,2.1,21.4,,mccolcj01
24,Karl-Anthony Towns,22,MIN,C,82,82,35.6,7.8,14.3,.545,1.5,3.5,.421,6.3,10.8,.585,.596,4.2,4.9,.858,2.9,9.4,12.3,2.4,0.8,1.4,1.9,3.5,21.3,ASNBA3,townska01
25,Donovan Mitchell,21,UTA,SG,79,71,33.4,7.5,17.2,.437,2.4,7.0,.340,5.2,10.3,.502,.506,3.0,3.8,.805,0.7,3.1,3.7,3.7,1.5,0.3,2.7,2.7,20.5,ROY-2,mitchdo01
26,MarShon Brooks,29,MEM,SG,7,1,27.6,7.3,14.6,.500,2.7,4.6,.594,4.6,10.0,.457,.593,2.9,3.3,.870,1.1,1.9,3.0,3.6,1.6,0.4,2.3,0.9,20.1,,brookma01
27,Khris Middleton,26,MIL,SF,82,82,36.4,7.2,15.5,.466,1.8,5.0,.359,5.5,10.5,.517,.524,3.9,4.4,.884,0.5,4.7,5.2,4.0,1.5,0.3,2.3,3.3,20.1,,middlkh01
28,Klay Thompson,27,GSW,SG,73,73,34.3,7.9,16.2,.488,3.1,7.1,.440,4.7,9.0,.525,.585,1.1,1.3,.837,0.4,3.4,3.8,2.5,0.8,0.5,1.8,1.6,20.0,DPOY-11AS,thompkl01
29,T.J. Warren,24,PHO,SF,65,65,33.0,8.1,16.4,.498,0.3,1.4,.222,7.8,15.0,.523,.507,3.0,3.9,.757,1.9,3.2,5.1,1.3,1.0,0.6,1.3,2.3,19.6,,warretj01
30,Tyreke Evans,28,MEM,PG,52,32,30.9,7.0,15.6,.452,2.2,5.5,.399,4.8,10.1,.482,.523,3.2,4.0,.785,0.8,4.3,5.1,5.2,1.1,0.3,2.3,1.8,19.4,,evansty01
31,Dennis Schröder,24,ATL,PG,67,67,31.0,7.5,17.1,.436,1.1,3.9,.290,6.3,13.2,.480,.469,3.4,4.0,.849,0.7,2.4,3.1,6.2,1.1,0.1,2.7,2.2,19.4,,schrode01
32,John Wall,27,WAS,PG,41,41,34.4,6.8,16.3,.420,1.5,4.1,.371,5.3,12.2,.436,.466,4.3,5.9,.726,0.5,3.1,3.7,9.6,1.4,1.1,3.9,2.0,19.4,AS,walljo01
33,Jrue Holiday,27,NOP,SG,81,81,36.1,7.6,15.4,.494,1.5,4.4,.337,6.1,11.0,.557,.543,2.3,2.9,.786,0.8,3.7,4.5,6.0,1.5,0.8,2.6,2.5,19.0,DPOY-7DEF1,holidjr01
34,Harrison Barnes,25,DAL,PF,77,77,34.2,7.0,15.7,.445,1.5,4.3,.357,5.4,11.4,.478,.494,3.4,4.1,.827,1.0,5.1,6.1,2.0,0.6,0.2,1.5,1.2,18.9,,barneha02
35,Tobias Harris,25,2TM,PF,80,80,33.4,7.0,15.3,.460,2.3,5.6,.411,4.7,9.7,.488,.535,2.2,2.7,.829,0.7,4.7,5.5,2.4,0.9,0.4,1.3,2.1,18.6,,harrito02
35,Tobias Harris,25,DET,PF,48,48,32.6,6.7,14.8,.451,2.4,5.8,.409,4.3,9.0,.478,.531,2.4,2.8,.846,0.8,4.3,5.1,2.0,0.7,0.3,1.1,1.9,18.1,,harrito02
35,Tobias Harris,25,LAC,PF,32,32,34.5,7.6,16.0,.473,2.2,5.3,.414,5.4,10.7,.501,.541,2.0,2.5,.800,0.7,5.3,6.0,3.1,1.2,0.6,1.7,2.3,19.3,,harrito02
36,Chris Paul,32,HOU,PG,58,58,31.8,6.3,13.8,.460,2.5,6.5,.380,3.8,7.2,.532,.550,3.5,3.8,.919,0.6,4.8,5.4,7.9,1.7,0.2,2.2,2.4,18.6,,paulch01
37,Nikola Jokić,22,DEN,C,75,73,32.6,6.7,13.5,.499,1.5,3.7,.396,5.2,9.7,.538,.554,3.5,4.2,.850,2.6,8.1,10.7,6.1,1.2,0.8,2.8,2.8,18.5,,jokicni01
38,Eric Gordon,29,HOU,SG,69,30,31.2,6.0,14.1,.428,3.2,8.8,.359,2.9,5.2,.544,.540,2.8,3.5,.809,0.4,2.1,2.5,2.2,0.6,0.4,1.9,1.7,18.0,6MOY-2,gordoer01
39,Jeremy Lin,29,BRK,PG,1,1,25.0,5.0,12.0,.417,1.0,2.0,.500,4.0,10.0,.400,.458,7.0,7.0,1.000,0.0,0.0,0.0,4.0,0.0,0.0,3.0,3.0,18.0,,linje01
40,Evan Fournier,25,ORL,SF,57,57,32.2,6.5,14.1,.459,2.2,5.9,.379,4.2,8.2,.516,.538,2.6,3.0,.867,0.4,2.8,3.2,2.9,0.8,0.3,1.7,2.4,17.8,,fournev01
41,Eric Bledsoe,28,2TM,PG,74,74,31.4,6.3,13.4,.473,1.7,4.9,.347,4.6,8.5,.545,.536,3.4,4.3,.795,0.7,3.1,3.8,5.0,2.0,0.6,2.9,2.5,17.7,,bledser01
41,Eric Bledsoe,28,PHO,PG,3,3,27.7,5.3,13.3,.400,1.3,4.3,.308,4.0,9.0,.444,.450,3.7,4.7,.786,1.0,1.3,2.3,3.0,1.3,0.7,3.3,2.0,15.7,,bledser01
41,Eric Bledsoe,28,MIL,PG,71,71,31.5,6.4,13.4,.476,1.7,4.9,.349,4.7,8.5,.550,.540,3.4,4.3,.795,0.7,3.2,3.9,5.1,2.0,0.6,2.9,2.5,17.8,,bledser01
42,Andrew Wiggins,22,MIN,SF,82,82,36.3,6.9,15.9,.438,1.4,4.1,.331,5.6,11.7,.475,.481,2.5,3.8,.643,1.0,3.4,4.4,2.0,1.1,0.6,1.7,2.0,17.7,,wiggian01
43,Aaron Gordon,22,ORL,PF,58,57,32.9,6.5,14.9,.434,2.0,5.9,.336,4.5,9.0,.497,.500,2.7,3.9,.698,1.5,6.4,7.9,2.3,1.0,0.8,1.8,1.9,17.6,,gordoaa01
44,Kevin Love,29,CLE,C,59,59,28.0,5.7,12.4,.458,2.3,5.6,.415,3.3,6.8,.494,.552,4.0,4.5,.880,1.7,7.5,9.3,1.7,0.7,0.4,1.5,2.0,17.6,AS,loveke01
45,Tim Hardaway Jr.,25,NYK,SG,57,54,33.1,6.3,15.0,.421,2.3,7.2,.317,4.0,7.8,.516,.496,2.6,3.1,.816,0.6,3.4,3.9,2.7,1.1,0.2,1.6,2.2,17.5,,hardati02
46,Gary Harris,23,DEN,SG,67,65,34.4,6.6,13.6,.485,2.3,5.9,.396,4.2,7.7,.553,.570,2.0,2.4,.827,0.6,2.1,2.6,2.9,1.8,0.2,1.8,1.8,17.5,,harriga01
47,Goran Dragić,31,MIA,PG,75,75,31.7,6.5,14.3,.450,1.5,4.0,.370,5.0,10.3,.481,.502,2.9,3.6,.801,0.7,3.4,4.1,4.8,0.8,0.2,2.2,2.4,17.3,AS,dragigo01
48,Marc Gasol,33,MEM,C,73,73,33.0,5.9,14.2,.420,1.5,4.4,.341,4.5,9.8,.456,.473,3.8,4.6,.834,1.1,7.0,8.1,4.2,0.7,1.4,2.7,2.5,17.2,,gasolma01
49,Mike Conley,30,MEM,PG,12,12,31.1,5.3,14.0,.381,2.0,6.4,.312,3.3,7.6,.440,.452,4.4,5.5,.803,0.0,2.3,2.3,4.1,1.0,0.3,1.5,2.0,17.1,,conlemi01
50,JJ Redick,33,PHI,SG,70,70,30.2,5.8,12.6,.460,2.8,6.6,.420,3.0,6.0,.504,.569,2.8,3.1,.904,0.1,2.4,2.5,3.0,0.5,0.1,1.5,1.8,17.1,,redicjj01
51,Zach LaVine,22,CHI,SG,24,24,27.3,5.7,14.8,.383,1.8,5.1,.341,3.9,9.7,.405,.442,3.6,4.5,.813,0.4,3.5,3.9,3.0,1.0,0.2,1.8,2.3,16.7,,lavinza01
52,Jamal Murray,20,DEN,PG,81,80,31.7,5.9,13.1,.451,2.0,5.4,.378,3.9,7.7,.502,.529,2.8,3.1,.905,1.0,2.7,3.7,3.4,1.0,0.3,2.1,2.1,16.7,,murraja01
53,Dwight Howard,32,CHO,C,81,81,30.4,6.2,11.2,.555,0.0,0.1,.143,6.2,11.2,.559,.556,4.1,7.2,.574,3.1,9.3,12.5,1.3,0.6,1.6,2.6,3.1,16.6,,howardw01
54,Nikola Vučević,27,ORL,C,57,57,29.5,7.0,14.7,.475,1.1,3.6,.314,5.9,11.2,.527,.513,1.4,1.6,.819,1.8,7.4,9.2,3.4,1.0,1.1,1.9,2.5,16.5,,vucevni01
55,Carmelo Anthony,33,OKC,PF,78,78,32.1,6.1,15.0,.404,2.2,6.1,.357,3.9,8.9,.437,.476,1.9,2.5,.767,0.9,4.9,5.8,1.3,0.6,0.6,1.3,2.5,16.2,,anthoca01
56,Kawhi Leonard,26,SAS,SF,9,9,23.3,5.8,12.3,.468,1.2,3.9,.314,4.6,8.4,.539,.518,3.4,4.2,.816,0.7,4.0,4.7,2.3,2.0,1.0,1.8,1.0,16.2,,leonaka01
57,Kyle Lowry,31,TOR,PG,78,78,32.2,5.2,12.1,.427,3.1,7.6,.399,2.1,4.5,.474,.553,2.9,3.3,.854,0.8,4.7,5.6,6.9,1.1,0.2,2.3,2.5,16.2,AS,lowryky01
58,Brandon Ingram,20,LAL,SF,59,59,33.5,6.1,12.9,.470,0.7,1.8,.390,5.4,11.1,.483,.497,3.3,4.8,.681,1.0,4.4,5.3,3.9,0.8,0.7,2.5,2.8,16.1,,ingrabr01
59,Kyle Kuzma,22,LAL,PF,77,37,31.2,6.1,13.5,.450,2.1,5.6,.366,4.0,7.9,.511,.527,1.9,2.7,.707,1.1,5.1,6.3,1.8,0.6,0.4,1.8,2.1,16.1,ROY-46MOY-9,kuzmaky01
60,Julius Randle,23,LAL,C,82,49,26.7,6.1,11.0,.558,0.1,0.5,.222,6.0,10.5,.575,.563,3.7,5.2,.718,2.2,5.8,8.0,2.6,0.5,0.5,2.6,3.3,16.1,,randlju01
61,Ben Simmons,21,PHI,PG,81,81,33.7,6.7,12.3,.545,0.0,0.1,.000,6.7,12.2,.551,.545,2.4,4.2,.560,1.8,6.3,8.1,8.2,1.7,0.9,3.4,2.6,15.8,ROY-1,simmobe01
62,Will Barton,27,DEN,SG,81,40,33.1,5.7,12.7,.452,1.9,5.2,.370,3.8,7.5,.510,.528,2.2,2.8,.805,0.9,4.2,5.0,4.1,1.0,0.6,1.8,2.1,15.7,6MOY-4,bartowi01
63,Nikola Mirotić,26,2TM,PF,55,14,27.2,5.6,12.4,.447,2.5,6.5,.377,3.1,5.9,.525,.546,2.0,2.5,.818,1.1,6.3,7.4,1.5,0.8,0.7,1.1,2.0,15.6,6MOY-7,mirotni01
63,Nikola Mirotić,26,CHI,PF,25,3,24.9,5.7,12.1,.474,2.8,6.4,.429,3.0,5.6,.525,.588,2.6,3.2,.823,0.7,5.6,6.4,1.6,0.6,0.5,1.2,1.8,16.8,,mirotni01
63,Nikola Mirotić,26,NOP,PF,30,11,29.1,5.4,12.7,.427,2.2,6.6,.335,3.2,6.2,.524,.513,1.6,1.9,.810,1.4,6.8,8.2,1.4,1.0,0.9,1.0,2.1,14.6,,mirotni01
64,D'Angelo Russell,21,BRK,PG,48,35,25.7,5.8,14.0,.414,1.9,5.8,.324,3.9,8.2,.477,.481,2.0,2.7,.740,0.6,3.3,3.9,5.2,0.8,0.4,3.1,1.9,15.5,,russeda01
65,Danilo Gallinari,29,LAC,SF,21,21,32.0,4.9,12.2,.398,1.7,5.3,.324,3.1,6.9,.455,.469,3.9,4.1,.931,0.4,4.4,4.8,2.0,0.6,0.5,1.2,1.4,15.3,,gallida01
66,Isaiah Thomas,28,2TM,PG,32,15,26.9,4.9,13.2,.373,1.7,5.9,.293,3.2,7.3,.438,.438,3.7,4.1,.893,0.5,1.6,2.1,4.8,0.5,0.1,3.0,1.8,15.2,,thomais02
66,Isaiah Thomas,28,CLE,PG,15,14,27.1,4.7,12.9,.361,1.5,5.8,.253,3.2,7.1,.449,.418,3.9,4.5,.868,0.5,1.6,2.1,4.5,0.6,0.1,2.7,1.7,14.7,,thomais02
66,Isaiah Thomas,28,LAL,PG,17,1,26.8,5.1,13.4,.383,1.9,5.9,.327,3.2,7.4,.429,.456,3.4,3.7,.921,0.6,1.5,2.1,5.0,0.4,0.1,3.2,1.9,15.6,,thomais02
67,Lauri Markkanen,20,CHI,PF,68,68,29.7,5.5,12.7,.434,2.1,5.9,.362,3.4,6.8,.497,.518,2.1,2.4,.843,1.2,6.3,7.5,1.2,0.6,0.6,1.2,1.5,15.2,,markkla01
68,Dennis Smith Jr.,20,DAL,PG,69,69,29.7,5.9,14.8,.395,1.5,4.9,.313,4.3,9.9,.435,.446,1.9,2.8,.694,0.7,3.0,3.8,5.2,1.0,0.3,2.8,2.2,15.2,ROY-5,smithde03
69,Austin Rivers,25,LAC,SG,61,59,33.7,5.6,13.2,.424,2.2,5.9,.378,3.4,7.3,.461,.508,1.7,2.6,.642,0.4,1.9,2.4,4.0,1.2,0.3,1.8,2.5,15.1,,riverau01
70,Andre Drummond,24,DET,C,78,78,33.7,6.0,11.3,.529,0.0,0.1,.000,6.0,11.2,.536,.529,3.1,5.1,.605,5.1,10.9,16.0,3.0,1.5,1.6,2.6,3.2,15.0,DPOY-15AS,drumman01
71,Rodney Hood,25,2TM,SG,60,23,26.9,5.4,12.5,.429,2.1,5.6,.381,3.3,7.0,.467,.513,1.9,2.2,.860,0.4,2.4,2.8,1.6,0.8,0.2,1.2,1.8,14.7,6MOY-12,hoodro01
71,Rodney Hood,25,UTA,SG,39,12,27.8,6.0,14.2,.424,2.6,6.7,.389,3.4,7.4,.455,.516,2.2,2.5,.876,0.4,2.5,2.8,1.7,0.8,0.2,1.6,1.6,16.8,,hoodro01
71,Rodney Hood,25,CLE,SG,21,11,25.3,4.2,9.5,.442,1.2,3.4,.352,3.0,6.1,.492,.505,1.2,1.5,.813,0.4,2.2,2.6,1.4,0.7,0.2,0.3,2.0,10.8,,hoodro01
72,Otto Porter Jr.,24,WAS,SF,77,77,31.6,5.8,11.5,.503,1.8,4.1,.441,4.0,7.4,.537,.581,1.4,1.7,.828,1.3,5.1,6.4,2.0,1.5,0.5,1.0,2.0,14.7,,porteot01
73,Reggie Jackson,27,DET,PG,45,45,26.7,5.5,12.8,.426,1.2,3.8,.308,4.3,9.1,.475,.471,2.5,3.0,.836,0.6,2.1,2.8,5.3,0.6,0.1,2.2,1.9,14.6,,jacksre01
74,Paul Millsap,32,DEN,PF,38,37,30.1,5.3,11.4,.464,1.0,3.0,.345,4.3,8.5,.506,.509,2.9,4.2,.696,1.7,4.7,6.4,2.8,1.0,1.2,1.9,2.6,14.6,,millspa01
75,Dario Šarić,23,PHI,PF,78,73,29.6,5.2,11.4,.453,2.0,5.1,.393,3.2,6.3,.501,.541,2.3,2.7,.860,2.0,4.7,6.7,2.6,0.7,0.3,1.9,2.1,14.6,,saricda01
76,Jaylen Brown,21,BOS,SG,70,70,30.7,5.3,11.5,.465,1.7,4.4,.395,3.6,7.1,.507,.540,2.1,3.3,.644,0.9,4.0,4.9,1.6,1.0,0.4,1.8,2.6,14.5,DPOY-10,brownja02
77,Zach Randolph,36,SAC,PF,59,58,25.6,6.1,12.9,.473,0.9,2.5,.347,5.3,10.4,.503,.507,1.4,1.8,.785,1.6,5.1,6.7,2.2,0.7,0.2,2.0,2.0,14.5,,randoza01
78,Avery Bradley,27,2TM,SG,46,46,31.2,5.6,13.6,.414,1.6,4.4,.369,4.0,9.2,.436,.474,1.4,1.8,.768,0.5,2.0,2.5,2.0,1.1,0.2,2.2,2.0,14.3,,bradlav01
78,Avery Bradley,27,DET,SG,40,40,31.7,5.8,14.3,.409,1.9,4.9,.381,4.0,9.4,.423,.474,1.5,2.0,.763,0.5,1.9,2.4,2.1,1.2,0.2,2.3,2.0,15.0,,bradlav01
78,Avery Bradley,27,LAC,SG,6,6,27.5,4.3,9.2,.473,0.2,1.5,.111,4.2,7.7,.543,.482,0.3,0.3,1.000,0.5,3.2,3.7,1.8,0.8,0.2,1.3,2.0,9.2,,bradlav01
79,Bojan Bogdanović,28,IND,SF,80,80,30.8,5.1,10.7,.474,1.9,4.8,.402,3.1,5.8,.534,.565,2.2,2.6,.868,0.4,3.0,3.4,1.5,0.7,0.1,1.3,1.6,14.3,,bogdabo02
80,Jusuf Nurkić,23,POR,C,79,79,26.4,6.1,12.0,.505,0.0,0.1,.000,6.1,11.9,.508,.505,2.2,3.5,.630,2.4,6.6,9.0,1.8,0.8,1.4,2.3,3.1,14.3,DPOY-15,nurkiju01
81,Dion Waiters,26,MIA,SG,30,30,30.6,5.4,13.7,.398,1.7,5.7,.306,3.7,8.0,.463,.461,1.7,2.3,.739,0.3,2.3,2.6,3.8,0.8,0.3,2.3,2.0,14.3,,waitedi01
82,Jeff Teague,29,MIN,PG,70,70,33.0,5.1,11.3,.446,1.2,3.3,.368,3.9,8.1,.477,.499,2.9,3.4,.845,0.3,2.6,3.0,7.0,1.5,0.3,2.5,2.4,14.2,,teaguje01
83,Enes Freedom,25,NYK,C,71,71,25.8,5.9,10.0,.592,0.0,0.0,.000,5.9,10.0,.594,.592,2.2,2.6,.848,3.8,7.1,11.0,1.5,0.5,0.5,1.7,2.6,14.1,,kanteen01
84,Taurean Prince,23,ATL,SF,82,82,30.0,5.1,11.9,.426,2.1,5.6,.385,2.9,6.3,.461,.516,1.9,2.2,.844,0.6,4.1,4.7,2.6,1.0,0.5,2.3,2.0,14.1,,princta02
85,Hassan Whiteside,28,MIA,C,54,54,25.3,5.8,10.7,.540,0.0,0.0,1.000,5.7,10.7,.538,.542,2.4,3.4,.703,3.2,8.2,11.4,1.0,0.7,1.7,1.7,2.4,14.0,,whiteha01
86,Jordan Clarkson,25,2TM,SG,81,2,23.3,5.3,11.8,.451,1.4,3.9,.352,3.9,7.9,.500,.509,1.9,2.3,.800,0.7,2.0,2.7,2.7,0.7,0.1,1.6,1.3,13.9,6MOY-7,clarkjo01
86,Jordan Clarkson,25,LAL,SG,53,2,23.7,5.6,12.6,.448,1.3,4.0,.324,4.4,8.6,.505,.499,2.0,2.5,.795,0.8,2.2,3.0,3.3,0.7,0.1,1.8,1.2,14.5,,clarkjo01
86,Jordan Clarkson,25,CLE,SG,28,0,22.6,4.7,10.3,.456,1.6,3.9,.407,3.1,6.4,.486,.533,1.7,2.1,.810,0.5,1.6,2.1,1.7,0.7,0.1,1.1,1.6,12.6,,clarkjo01
87,Steven Adams,24,OKC,C,76,76,32.7,5.9,9.4,.629,0.0,0.0,.000,5.9,9.3,.631,.629,2.1,3.8,.559,5.1,4.0,9.0,1.2,1.2,1.0,1.7,2.8,13.9,DPOY-12,adamsst01
88,Clint Capela,23,HOU,C,74,74,27.5,6.0,9.1,.652,0.0,0.0,.000,6.0,9.1,.653,.652,1.9,3.5,.560,3.3,7.6,10.8,0.9,0.8,1.9,1.4,2.5,13.9,DPOY-14,capelca01
89,Rondae Hollis-Jefferson,23,BRK,SF,68,59,28.2,5.0,10.6,.472,0.2,0.8,.241,4.8,9.9,.491,.481,3.7,4.6,.788,1.5,5.3,6.8,2.5,1.0,0.7,1.8,2.1,13.9,,holliro01
90,Jonathon Simmons,28,ORL,SG,69,50,29.4,5.1,11.0,.465,1.0,3.0,.338,4.1,8.1,.512,.511,2.7,3.5,.768,0.9,2.6,3.5,2.5,0.8,0.2,2.1,2.5,13.9,,simmojo02
91,Jayson Tatum,19,BOS,SF,80,80,30.5,5.0,10.4,.475,1.3,3.0,.434,3.7,7.4,.492,.538,2.7,3.2,.826,0.6,4.4,5.0,1.6,1.0,0.7,1.4,2.1,13.9,ROY-3,tatumja01
92,Marcus Morris,28,BOS,PF,54,21,26.7,4.9,11.3,.429,1.6,4.3,.368,3.3,7.0,.467,.499,2.3,2.9,.805,0.8,4.6,5.4,1.3,0.6,0.2,1.2,1.9,13.6,,morrima03
93,DeMarre Carroll,31,BRK,PF,73,73,29.9,4.5,10.8,.414,2.0,5.4,.371,2.5,5.4,.457,.506,2.6,3.4,.764,1.4,5.1,6.6,2.0,0.8,0.4,1.4,2.3,13.5,,carrode01
94,Rudy Gobert,25,UTA,C,56,56,32.4,4.9,7.9,.622,0.0,0.0,,4.9,7.9,.622,.622,3.6,5.3,.682,2.9,7.8,10.7,1.4,0.8,2.3,1.9,2.7,13.5,DPOY-1DEF1,goberru01
95,Buddy Hield,25,SAC,SG,80,13,25.3,5.2,11.7,.446,2.2,5.1,.431,3.0,6.6,.457,.540,0.9,1.0,.877,0.7,3.2,3.8,1.9,1.1,0.3,1.6,1.9,13.5,,hieldbu01
96,Kentavious Caldwell-Pope,24,LAL,SG,74,74,33.2,4.6,10.8,.426,2.1,5.6,.383,2.4,5.2,.473,.526,2.1,2.6,.789,0.8,4.4,5.2,2.2,1.4,0.2,1.3,2.0,13.4,,caldwke01
97,Kris Dunn,23,CHI,PG,52,43,29.3,5.5,12.8,.429,0.8,2.6,.321,4.7,10.2,.457,.462,1.6,2.2,.737,0.5,3.8,4.3,6.0,2.0,0.5,2.9,3.3,13.4,,dunnkr01
98,Michael Beasley,29,NYK,PF,74,30,22.3,5.5,10.9,.507,0.5,1.2,.395,5.1,9.7,.520,.528,1.7,2.1,.780,1.3,4.3,5.6,1.7,0.5,0.6,1.9,2.0,13.2,,beaslmi01
99,Allen Crabbe,25,BRK,SG,75,68,29.3,4.5,11.0,.407,2.7,7.1,.378,1.8,3.9,.461,.529,1.5,1.8,.852,0.4,3.9,4.3,1.6,0.6,0.5,1.0,2.2,13.2,,crabbal01
100,Bobby Portis,22,CHI,PF,73,4,22.5,5.2,11.1,.471,1.1,3.1,.359,4.1,8.1,.514,.520,1.6,2.1,.769,2.2,4.6,6.8,1.7,0.7,0.3,1.4,1.8,13.2,,portibo01
101,Josh Jackson,20,PHO,SF,77,35,25.4,5.1,12.1,.417,0.7,2.8,.263,4.3,9.3,.464,.448,2.3,3.6,.634,1.2,3.3,4.6,1.5,1.0,0.5,1.9,2.8,13.1,,jacksjo02
102,Ricky Rubio,27,UTA,PG,77,77,29.3,4.5,10.7,.418,1.2,3.5,.352,3.2,7.2,.451,.476,2.9,3.3,.866,0.6,4.0,4.6,5.3,1.6,0.1,2.7,2.7,13.1,,rubiori01
103,Malcolm Brogdon,25,MIL,PG,48,20,29.9,5.1,10.5,.485,1.3,3.4,.385,3.8,7.1,.532,.547,1.6,1.8,.882,0.5,2.8,3.3,3.2,0.9,0.3,1.4,2.7,13.0,,brogdma01
104,Brook Lopez,29,LAL,C,74,72,23.4,5.0,10.7,.465,1.5,4.4,.345,3.5,6.3,.549,.536,1.5,2.1,.703,1.0,3.0,4.0,1.7,0.4,1.3,1.3,2.6,13.0,,lopezbr01
105,Kent Bazemore,28,ATL,SG,65,65,27.5,4.4,10.4,.420,1.7,4.2,.394,2.7,6.2,.438,.500,2.5,3.1,.796,0.4,3.4,3.8,3.5,1.5,0.7,2.4,2.3,12.9,,bazemke01
106,Al Horford,31,BOS,C,72,72,31.6,5.1,10.5,.489,1.3,3.1,.429,3.8,7.3,.514,.553,1.3,1.7,.783,1.4,5.9,7.4,4.7,0.6,1.1,1.8,1.9,12.9,DPOY-5ASDEF2,horfoal01
107,Jeremy Lamb,25,CHO,SG,80,18,24.6,4.8,10.4,.457,1.2,3.2,.370,3.6,7.2,.495,.513,2.2,2.6,.861,0.6,3.4,4.1,2.3,0.8,0.4,1.2,1.7,12.9,,lambje01
108,Josh Richardson,24,MIA,SF,81,81,33.2,4.9,10.9,.451,1.6,4.1,.378,3.4,6.8,.495,.523,1.5,1.8,.845,0.9,2.7,3.5,2.9,1.5,0.9,1.7,2.5,12.9,,richajo01
109,Trey Burke,25,NYK,PG,36,9,21.8,5.4,10.7,.503,1.1,2.9,.362,4.3,7.8,.556,.552,1.0,1.6,.649,0.4,1.6,2.0,4.7,0.7,0.1,1.2,1.2,12.8,,burketr01
110,Willie Cauley-Stein,24,SAC,C,73,57,28.0,5.3,10.6,.502,0.0,0.2,.250,5.3,10.4,.506,.504,2.1,3.4,.619,1.8,5.2,7.0,2.4,1.1,0.9,1.5,2.5,12.8,,caulewi01
111,Elfrid Payton,23,2TM,PG,63,63,28.7,5.2,10.6,.493,0.5,1.5,.326,4.7,9.1,.520,.516,1.7,2.7,.649,1.0,3.3,4.3,6.2,1.3,0.3,2.7,2.3,12.7,,paytoel01
111,Elfrid Payton,23,ORL,PG,44,44,28.6,5.4,10.4,.520,0.6,1.5,.373,4.8,8.9,.545,.547,1.6,2.6,.632,1.1,2.9,4.0,6.3,1.5,0.4,2.6,2.2,13.0,,paytoel01
111,Elfrid Payton,23,PHO,PG,19,19,29.0,4.8,11.0,.435,0.3,1.3,.200,4.5,9.7,.467,.447,1.9,2.8,.685,0.9,4.4,5.3,6.2,1.0,0.3,2.8,2.6,11.8,,paytoel01
112,Wesley Matthews,31,DAL,SF,63,63,33.8,4.5,11.1,.406,2.4,6.4,.381,2.1,4.7,.441,.516,1.3,1.6,.822,0.4,2.7,3.1,2.7,1.2,0.3,1.3,2.2,12.7,,matthwe02
113,Myles Turner,21,IND,C,65,62,28.2,4.7,9.8,.479,0.9,2.4,.357,3.8,7.4,.519,.523,2.5,3.2,.777,1.4,5.0,6.4,1.3,0.6,1.8,1.5,2.9,12.7,,turnemy01
114,Jonas Valančiūnas,25,TOR,C,77,77,22.4,5.1,8.9,.568,0.4,1.0,.405,4.7,8.0,.587,.590,2.2,2.7,.806,2.4,6.2,8.6,1.1,0.4,0.9,1.5,2.5,12.7,,valanjo01
115,Robert Covington,27,PHI,SF,80,80,31.7,4.3,10.5,.413,2.5,6.9,.369,1.8,3.6,.497,.534,1.5,1.7,.853,0.7,4.7,5.4,2.0,1.7,0.9,1.6,3.0,12.6,DPOY-8DEF1,covinro01
116,Spencer Dinwiddie,24,BRK,PG,80,58,28.8,4.1,10.5,.387,1.8,5.4,.326,2.3,5.1,.452,.471,2.7,3.4,.813,0.5,2.7,3.2,6.6,0.9,0.3,1.6,2.3,12.6,,dinwisp01
117,Serge Ibaka,28,TOR,PF,76,76,27.5,5.0,10.3,.483,1.4,3.9,.360,3.6,6.4,.559,.552,1.2,1.6,.797,1.0,5.3,6.3,0.8,0.4,1.3,1.2,2.8,12.6,,ibakase01
118,Jabari Parker,22,MIL,PF,31,3,24.0,5.2,10.7,.482,1.0,2.6,.383,4.2,8.1,.514,.529,1.3,1.7,.741,1.4,3.5,4.9,1.9,0.8,0.3,1.5,1.6,12.6,,parkeja01
119,E'Twaun Moore,28,NOP,SG,82,80,31.5,5.2,10.1,.508,1.6,3.7,.425,3.6,6.5,.556,.585,0.6,0.8,.706,0.7,2.2,2.9,2.3,1.0,0.1,1.2,2.2,12.5,,mooreet01
120,Darren Collison,30,IND,PG,69,64,29.2,4.6,9.2,.495,1.4,3.0,.468,3.2,6.3,.508,.571,1.8,2.1,.882,0.5,2.0,2.6,5.3,1.3,0.2,1.2,1.8,12.4,,collida01
121,Derrick Favors,26,UTA,C,77,77,28.0,5.1,9.1,.563,0.2,0.8,.222,4.9,8.3,.596,.573,1.8,2.8,.651,2.6,4.6,7.2,1.3,0.7,1.1,1.1,2.1,12.3,,favorde01
122,Patrick Beverley,29,LAC,SG,11,11,30.4,4.4,10.8,.403,2.2,5.5,.400,2.2,5.4,.407,.504,1.3,1.5,.824,1.5,2.6,4.1,2.9,1.7,0.5,2.3,3.1,12.2,,beverpa01
123,Taj Gibson,32,MIN,PF,82,82,33.2,5.2,9.0,.577,0.1,0.4,.200,5.1,8.6,.595,.581,1.7,2.3,.768,2.4,4.8,7.1,1.2,0.8,0.7,1.1,2.7,12.2,,gibsota01
124,Justin Holiday,28,CHI,SG,72,72,31.5,4.0,10.9,.371,2.2,6.2,.359,1.8,4.6,.387,.474,1.9,2.3,.823,0.4,3.6,4.0,2.1,1.1,0.4,1.3,1.9,12.2,,holidju01
125,Marco Belinelli,31,2TM,SG,80,2,24.3,4.2,9.6,.441,1.9,4.9,.377,2.4,4.6,.509,.539,1.9,2.0,.908,0.3,1.6,1.9,1.9,0.8,0.2,1.2,1.1,12.1,6MOY-12,belinma01
125,Marco Belinelli,31,ATL,SG,52,1,23.3,3.8,9.3,.410,1.8,4.8,.372,2.1,4.6,.450,.505,1.9,2.1,.927,0.3,1.7,1.9,2.0,0.9,0.1,1.0,0.8,11.4,,belinma01
125,Marco Belinelli,31,PHI,SG,28,1,26.3,4.9,10.0,.495,2.0,5.3,.385,2.9,4.7,.618,.597,1.7,1.9,.870,0.2,1.6,1.8,1.6,0.7,0.3,1.4,1.8,13.6,,belinma01
126,Gerald Green,32,HOU,SG,41,2,22.7,4.1,10.1,.407,2.7,7.3,.369,1.4,2.8,.504,.540,1.2,1.5,.850,0.4,2.9,3.2,0.6,0.6,0.4,0.8,2.1,12.1,,greenge01
127,Caris LeVert,23,BRK,SF,71,10,26.3,4.5,10.4,.435,1.2,3.5,.347,3.3,6.9,.480,.493,1.9,2.6,.711,0.7,2.9,3.7,4.2,1.2,0.3,2.2,2.2,12.1,,leverca01
128,Andre Ingram,32,LAL,SG,2,0,32.0,4.0,8.5,.471,2.5,4.5,.556,1.5,4.0,.375,.618,1.5,1.5,1.000,0.5,2.5,3.0,3.5,1.5,1.5,1.5,1.5,12.0,,ingraan01
129,DeAndre Jordan,29,LAC,C,77,77,31.5,4.8,7.5,.645,0.0,0.0,,4.8,7.5,.645,.645,2.4,4.1,.580,4.3,10.9,15.2,1.5,0.5,0.9,1.8,2.6,12.0,,jordade01
130,Courtney Lee,32,NYK,SG,76,69,30.4,4.5,9.9,.454,1.5,3.7,.406,3.0,6.3,.482,.529,1.5,1.6,.919,0.4,2.6,2.9,2.4,1.1,0.2,1.1,1.4,12.0,,leeco01
131,Dirk Nowitzki,39,DAL,C,77,77,24.7,4.5,9.8,.456,1.8,4.4,.409,2.7,5.5,.494,.547,1.3,1.4,.898,0.3,5.4,5.7,1.6,0.6,0.6,0.7,1.9,12.0,,nowitdi01
132,Bogdan Bogdanović,25,SAC,SG,78,52,27.9,4.4,9.9,.446,1.7,4.2,.392,2.8,5.7,.485,.529,1.3,1.5,.840,0.4,2.5,2.9,3.3,0.9,0.2,1.6,2.2,11.8,,bogdabo01
133,Robin Lopez,29,CHI,C,64,64,26.4,5.3,10.1,.530,0.1,0.2,.286,5.3,9.9,.536,.533,1.1,1.4,.756,2.1,2.4,4.5,1.9,0.2,0.8,1.7,1.7,11.8,,lopezro01
134,Kelly Oubre Jr.,22,WAS,SF,81,11,27.5,3.9,9.8,.403,1.6,4.6,.341,2.4,5.2,.456,.482,2.4,2.9,.820,0.7,3.8,4.5,1.2,1.0,0.4,1.1,2.9,11.8,,oubreke01
135,Thaddeus Young,29,IND,PF,81,81,32.2,5.2,10.7,.487,0.7,2.2,.320,4.5,8.4,.531,.521,0.7,1.1,.598,2.3,4.0,6.3,1.9,1.7,0.4,1.3,2.2,11.8,,youngth01
136,Trevor Ariza,32,HOU,SF,67,67,33.9,4.0,9.7,.412,2.5,6.9,.368,1.5,2.8,.519,.542,1.1,1.3,.854,0.5,3.9,4.4,1.6,1.5,0.2,0.8,2.0,11.7,,arizatr01
137,Tyler Johnson,25,MIA,PG,72,39,28.5,4.3,9.9,.435,1.7,4.5,.367,2.6,5.4,.491,.518,1.5,1.8,.822,0.5,3.0,3.4,2.3,0.8,0.5,1.1,2.1,11.7,,johnsty01
138,J.J. Barea,33,DAL,PG,69,11,23.2,4.4,10.0,.439,1.7,4.5,.367,2.7,5.5,.499,.522,1.2,1.5,.784,0.2,2.7,2.9,6.3,0.5,0.0,2.1,1.2,11.6,6MOY-12,bareajo01
139,Nicolas Batum,29,CHO,SG,64,64,31.0,4.2,10.2,.415,1.4,4.3,.336,2.8,5.9,.473,.486,1.7,2.0,.831,0.9,3.9,4.8,5.5,1.0,0.4,2.0,1.1,11.6,,batumni01
140,De'Aaron Fox,20,SAC,PG,73,61,27.8,4.5,10.9,.412,0.6,2.1,.307,3.8,8.8,.436,.441,1.9,2.7,.723,0.5,2.3,2.8,4.4,1.0,0.3,2.4,2.2,11.6,,foxde01
141,Domantas Sabonis,21,IND,C,74,19,24.5,4.6,8.9,.514,0.2,0.5,.351,4.4,8.4,.524,.524,2.3,3.0,.750,2.2,5.5,7.7,2.0,0.5,0.4,1.9,3.0,11.6,,sabondo01
142,Rudy Gay,31,SAS,PF,57,6,21.6,4.4,9.4,.471,0.6,2.1,.314,3.8,7.4,.516,.506,2.0,2.5,.772,1.3,3.8,5.1,1.3,0.8,0.7,1.4,1.7,11.5,,gayru01
143,Joe Ingles,30,UTA,SF,82,81,31.4,4.1,8.8,.467,2.5,5.7,.440,1.6,3.1,.516,.609,0.8,1.0,.795,0.3,3.9,4.2,4.8,1.1,0.2,1.9,2.2,11.5,,inglejo01
144,Markieff Morris,28,WAS,PF,73,73,27.0,4.5,9.4,.480,1.0,2.8,.367,3.5,6.6,.529,.536,1.4,1.8,.820,1.0,4.6,5.6,1.9,0.8,0.5,1.7,3.0,11.5,,morrima02
145,Kelly Olynyk,26,MIA,PF,76,22,23.4,4.2,8.4,.497,1.4,3.7,.379,2.8,4.7,.590,.580,1.8,2.3,.770,1.2,4.5,5.7,2.7,0.8,0.5,1.9,2.9,11.5,6MOY-6,olynyke01
146,Dwyane Wade,36,2TM,SG,67,3,22.9,4.5,10.2,.438,0.5,1.7,.288,4.0,8.5,.468,.462,2.0,2.8,.714,0.7,3.0,3.8,3.4,0.9,0.7,2.1,1.9,11.4,6MOY-10,wadedw01
146,Dwyane Wade,36,CLE,SG,46,3,23.2,4.3,9.5,.455,0.5,1.5,.329,3.8,7.9,.479,.482,2.0,2.9,.701,0.8,3.1,3.9,3.5,0.9,0.7,2.0,1.8,11.2,,wadedw01
146,Dwyane Wade,36,MIA,SG,21,0,22.2,4.8,11.8,.409,0.4,2.0,.220,4.4,9.8,.447,.427,2.0,2.6,.745,0.5,2.9,3.4,3.1,0.9,0.7,2.3,1.9,12.0,,wadedw01
147,Reggie Bullock,26,DET,SF,62,52,27.9,4.3,8.8,.489,2.0,4.5,.445,2.3,4.3,.536,.603,0.6,0.8,.796,0.4,2.0,2.5,1.5,0.8,0.2,0.8,1.1,11.3,,bullore01
148,Terry Rozier,23,BOS,PG,80,16,25.9,4.0,10.0,.395,1.9,5.0,.381,2.0,5.0,.410,.491,1.4,1.9,.772,0.8,3.9,4.7,2.9,1.0,0.2,1.0,1.5,11.3,6MOY-10,roziete01
149,Wayne Ellington,30,MIA,SG,77,2,26.5,3.7,9.1,.407,2.9,7.5,.392,0.8,1.6,.479,.569,0.9,1.0,.859,0.3,2.5,2.8,1.0,0.7,0.1,0.7,1.2,11.2,6MOY-5,ellinwa01
150,Frank Kaminsky,24,CHO,PF,79,4,23.2,3.9,9.1,.429,1.3,3.5,.380,2.6,5.6,.459,.501,2.0,2.5,.799,0.6,3.1,3.6,1.6,0.5,0.2,0.8,1.2,11.1,,kaminfr01
151,Dillon Brooks,22,MEM,SF,82,74,28.7,4.1,9.4,.440,1.1,3.2,.356,3.0,6.2,.484,.501,1.5,2.0,.747,0.6,2.5,3.1,1.6,0.9,0.2,1.5,2.8,11.0,,brookdi01
152,Draymond Green,27,GSW,PF,70,70,32.7,4.0,8.8,.454,1.1,3.7,.301,2.9,5.2,.562,.516,1.9,2.5,.775,1.1,6.6,7.6,7.3,1.4,1.3,2.9,2.6,11.0,DPOY-6ASDEF2,greendr01
153,Montrezl Harrell,24,LAC,C,76,3,17.0,4.6,7.2,.635,0.0,0.1,.143,4.6,7.1,.641,.636,1.8,2.9,.626,1.4,2.7,4.0,1.0,0.5,0.7,0.9,1.9,11.0,,harremo01
154,Ersan İlyasova,30,2TM,PF,69,43,25.1,4.0,8.9,.452,1.3,3.7,.360,2.7,5.2,.517,.526,1.5,2.0,.778,1.7,4.2,5.9,1.3,0.9,0.4,1.0,2.3,10.9,,ilyaser01
154,Ersan İlyasova,30,ATL,PF,46,40,25.5,4.0,8.7,.459,1.3,3.7,.359,2.7,5.0,.532,.535,1.6,2.0,.800,1.6,3.8,5.5,1.1,1.0,0.4,0.9,2.0,10.9,,ilyaser01
154,Ersan İlyasova,30,PHI,PF,23,3,24.1,4.0,9.2,.439,1.3,3.6,.361,2.7,5.6,.488,.509,1.4,2.0,.733,1.9,4.8,6.7,1.7,0.7,0.4,1.3,2.8,10.8,,ilyaser01
155,Ish Smith,29,DET,PG,82,35,24.9,4.7,9.8,.486,0.4,1.2,.347,4.3,8.5,.506,.507,1.0,1.4,.698,0.3,2.4,2.7,4.4,0.8,0.2,1.3,1.7,10.9,,smithis01
156,Jeff Green,31,CLE,PF,78,14,23.4,3.8,7.9,.477,0.7,2.2,.312,3.1,5.7,.540,.520,2.6,3.0,.868,0.8,2.4,3.2,1.3,0.5,0.4,1.0,1.9,10.8,,greenje02
157,Joe Harris,26,BRK,SG,78,14,25.3,3.9,8.0,.491,1.9,4.6,.419,2.0,3.4,.589,.612,1.1,1.3,.827,0.7,2.7,3.3,1.6,0.4,0.3,1.2,2.0,10.8,,harrijo01
158,James Johnson,30,MIA,PF,73,41,26.6,4.2,8.4,.503,0.8,2.5,.308,3.5,5.9,.587,.550,1.5,2.2,.698,0.8,4.1,4.9,3.8,1.0,0.7,1.9,2.6,10.8,,johnsja01
159,Damion Lee,25,ATL,SG,15,11,26.9,4.1,10.1,.408,1.0,4.0,.250,3.1,6.1,.511,.457,1.5,1.9,.759,0.7,4.0,4.7,1.9,1.3,0.1,0.9,1.7,10.7,,leeda03
160,John Collins,20,ATL,PF,74,26,24.1,4.2,7.4,.576,0.2,0.6,.340,4.0,6.7,.598,.591,1.8,2.5,.715,2.4,4.9,7.3,1.3,0.6,1.1,1.4,2.9,10.5,,collijo01
161,Greg Monroe,27,3TM,C,51,14,20.4,4.3,7.6,.565,0.0,0.0,,4.3,7.6,.565,.565,1.7,2.3,.739,2.1,4.7,6.9,2.2,0.9,0.5,1.8,1.9,10.3,,monrogr01
161,Greg Monroe,27,MIL,C,5,0,15.8,3.2,6.6,.485,0.0,0.0,,3.2,6.6,.485,.485,0.4,0.8,.500,1.2,3.8,5.0,1.0,0.0,0.0,1.2,1.4,6.8,,monrogr01
161,Greg Monroe,27,PHO,C,20,14,23.3,4.9,7.8,.626,0.0,0.0,,4.9,7.8,.626,.626,1.6,2.3,.674,2.5,5.5,8.0,2.5,0.8,0.3,2.0,2.0,11.3,,monrogr01
161,Greg Monroe,27,BOS,C,26,0,19.1,4.0,7.6,.530,0.0,0.0,,4.0,7.6,.530,.530,2.1,2.7,.797,2.0,4.3,6.3,2.3,1.1,0.7,1.8,1.8,10.2,,monrogr01
162,Jamal Crawford,37,MIN,SG,80,0,20.7,3.9,9.3,.415,1.3,3.9,.331,2.6,5.4,.477,.485,1.3,1.4,.903,0.3,1.0,1.2,2.3,0.5,0.1,1.2,1.1,10.3,,crawfja01
163,JaMychal Green,27,MEM,PF,55,54,28.0,4.1,8.9,.457,0.8,2.3,.339,3.3,6.6,.499,.501,1.5,2.0,.721,2.7,5.8,8.4,1.4,0.6,0.5,1.4,2.8,10.3,,greenja01
164,D.J. Augustin,30,ORL,PG,75,36,23.5,3.3,7.2,.452,1.5,3.6,.419,1.7,3.6,.485,.557,2.2,2.5,.868,0.4,1.7,2.1,3.8,0.7,0.0,1.6,1.3,10.2,,augusdj01
165,Lonzo Ball,20,LAL,PG,52,50,34.2,3.9,10.8,.360,1.7,5.7,.305,2.2,5.2,.420,.440,0.6,1.4,.451,1.3,5.6,6.9,7.2,1.7,0.8,2.6,2.3,10.2,,balllo01
166,Yogi Ferrell,24,DAL,SG,82,21,27.8,3.8,8.9,.426,1.6,4.4,.373,2.2,4.5,.477,.518,1.0,1.3,.796,0.3,2.7,3.0,2.5,0.8,0.1,1.0,1.9,10.2,,ferreyo01
167,Marcus Smart,23,BOS,SG,54,11,29.9,3.5,9.5,.367,1.4,4.6,.301,2.1,4.9,.429,.440,1.8,2.5,.729,0.8,2.7,3.5,4.8,1.3,0.4,2.4,2.5,10.2,,smartma01
168,Denzel Valentine,24,CHI,SG,77,37,27.2,3.9,9.4,.417,1.9,4.8,.386,2.1,4.6,.450,.517,0.5,0.7,.745,0.6,4.5,5.1,3.2,0.8,0.1,1.3,2.4,10.2,,valende01
169,Pau Gasol,37,SAS,C,77,63,23.5,3.7,8.1,.458,0.6,1.6,.358,3.2,6.6,.481,.492,2.1,2.7,.756,1.7,6.4,8.0,3.1,0.3,1.0,1.4,1.6,10.1,,gasolpa01
170,George Hill,31,2TM,PG,67,60,27.0,3.5,7.7,.460,1.3,3.1,.415,2.3,4.6,.490,.543,1.6,2.1,.786,0.6,2.1,2.7,2.8,0.9,0.4,1.3,1.9,10.0,,hillge01
170,George Hill,31,SAC,PG,43,36,26.6,3.6,7.6,.469,1.3,3.0,.453,2.2,4.6,.480,.558,1.8,2.3,.778,0.5,2.2,2.7,2.8,0.9,0.3,1.4,1.7,10.3,,hillge01
170,George Hill,31,CLE,PG,24,24,27.9,3.5,7.8,.444,1.1,3.2,.351,2.3,4.6,.509,.516,1.4,1.7,.805,0.8,1.8,2.7,2.8,0.9,0.6,1.2,2.2,9.4,,hillge01
171,Wilson Chandler,30,DEN,SF,74,71,31.7,3.8,8.5,.445,1.2,3.3,.358,2.6,5.2,.501,.515,1.2,1.5,.772,1.4,4.0,5.4,2.1,0.6,0.5,1.2,2.1,10.0,,chandwi01
172,Dewayne Dedmon,28,ATL,C,62,46,24.9,4.0,7.7,.524,0.8,2.3,.355,3.2,5.4,.595,.577,1.1,1.4,.779,1.6,6.3,7.9,1.5,0.6,0.8,1.4,2.6,10.0,,dedmode01
173,C.J. Miles,30,TOR,SF,70,3,19.1,3.2,8.6,.379,2.3,6.5,.361,0.9,2.1,.434,.516,1.2,1.4,.835,0.3,1.9,2.2,0.8,0.5,0.3,0.6,1.9,10.0,,milescj01
174,Patty Mills,29,SAS,PG,82,36,25.7,3.4,8.3,.411,1.9,5.0,.372,1.5,3.3,.470,.523,1.3,1.4,.890,0.3,1.6,1.9,2.8,0.7,0.1,1.3,1.6,10.0,,millspa02
175,Trey Lyles,22,DEN,PF,73,2,19.1,3.7,7.5,.491,1.1,3.0,.381,2.6,4.5,.563,.566,1.4,2.0,.706,0.8,4.0,4.8,1.2,0.4,0.5,0.8,1.5,9.9,,lylestr01
176,Jae Crowder,27,2TM,SF,80,47,26.1,3.4,8.4,.404,1.4,4.3,.323,2.0,4.1,.488,.486,1.5,1.9,.818,0.7,2.7,3.4,1.2,0.8,0.3,0.9,2.3,9.7,,crowdja01
176,Jae Crowder,27,CLE,SF,53,47,25.4,3.0,7.1,.418,1.2,3.6,.328,1.8,3.5,.508,.500,1.5,1.7,.848,0.8,2.5,3.3,1.1,0.8,0.2,0.8,2.3,8.6,,crowdja01
176,Jae Crowder,27,UTA,SF,27,0,27.6,4.2,10.9,.386,1.8,5.6,.316,2.4,5.3,.462,.468,1.6,2.1,.768,0.7,3.1,3.8,1.5,0.9,0.3,1.2,2.3,11.8,,crowdja01
177,Tyrone Wallace,23,LAC,PG,30,19,28.4,3.7,8.2,.445,0.3,1.3,.250,3.3,6.9,.483,.466,2.0,2.6,.782,0.7,2.8,3.5,2.4,0.9,0.4,1.5,2.8,9.7,,wallaty01
178,Mario Hezonja,22,ORL,SF,75,30,22.1,3.6,8.2,.442,1.2,3.6,.337,2.4,4.7,.523,.515,1.1,1.4,.819,0.5,3.2,3.7,1.4,1.1,0.4,1.1,1.8,9.6,,hezonma01
179,Quinn Cook,24,GSW,PG,33,18,22.4,3.7,7.6,.484,1.4,3.2,.442,2.3,4.5,.514,.575,0.7,0.8,.880,0.3,2.2,2.5,2.7,0.4,0.0,1.0,1.8,9.5,,cookqu01
180,Andrew Harrison,23,MEM,PG,56,46,23.7,3.2,7.7,.422,0.8,2.5,.331,2.4,5.1,.467,.477,2.2,2.8,.780,0.4,1.9,2.3,3.2,0.7,0.5,1.4,2.5,9.5,,harrian01
181,Miloš Teodosić,30,LAC,PG,45,36,25.2,3.4,8.0,.419,2.0,5.2,.379,1.4,2.8,.492,.542,0.9,1.0,.848,0.4,2.4,2.8,4.6,0.5,0.1,2.2,2.3,9.5,,teodomi01
182,Marvin Williams,31,CHO,PF,78,78,25.7,3.3,7.2,.458,1.6,3.9,.413,1.7,3.3,.512,.570,1.3,1.6,.829,0.9,3.8,4.7,1.2,0.7,0.5,0.8,1.5,9.5,,willima02
183,Mike James,27,2TM,PG,36,10,19.1,3.4,8.9,.383,0.7,2.7,.265,2.7,6.2,.435,.424,1.8,2.3,.762,0.4,2.1,2.5,3.5,0.8,0.2,1.4,1.3,9.3,,jamesmi02
183,Mike James,27,PHO,PG,32,10,20.9,3.8,9.8,.388,0.8,3.0,.268,3.0,6.7,.442,.429,2.0,2.6,.762,0.4,2.4,2.8,3.8,0.8,0.2,1.5,1.4,10.4,,jamesmi02
183,Mike James,27,NOP,PG,4,0,4.5,0.5,2.3,.222,0.0,0.3,.000,0.5,2.0,.250,.222,0.0,0.0,,0.3,0.0,0.3,1.5,0.3,0.0,0.3,0.8,1.0,,jamesmi02
184,Al-Farouq Aminu,27,POR,PF,69,67,30.0,3.3,8.4,.395,1.8,4.9,.369,1.5,3.5,.432,.503,0.9,1.2,.738,1.4,6.2,7.6,1.2,1.1,0.6,1.1,2.0,9.3,,aminual01
185,Ryan Anderson,29,HOU,PF,66,50,26.1,3.1,7.3,.431,2.0,5.1,.386,1.2,2.1,.539,.568,1.1,1.4,.774,1.4,3.6,5.0,0.9,0.4,0.3,0.6,1.9,9.3,,anderry01
186,Wayne Selden,23,MEM,SG,35,9,19.8,3.3,7.7,.431,1.4,3.5,.402,1.9,4.2,.456,.522,1.3,1.7,.746,0.5,1.1,1.6,1.9,0.5,0.1,1.5,1.7,9.3,,seldewa01
187,Michael Kidd-Gilchrist,24,CHO,SF,74,74,25.0,3.8,7.6,.504,0.0,0.0,.000,3.8,7.5,.505,.504,1.6,2.3,.684,1.1,2.9,4.1,1.0,0.7,0.4,0.7,1.9,9.2,,kiddgmi01
188,Kyle Korver,36,CLE,SG,73,4,21.6,3.0,6.6,.459,2.2,5.2,.436,0.8,1.5,.537,.628,0.9,1.0,.889,0.1,2.1,2.3,1.2,0.4,0.4,0.8,1.8,9.2,,korveky01
189,Lance Stephenson,27,IND,SG,82,7,22.6,3.7,8.6,.427,0.8,2.8,.289,2.9,5.8,.495,.475,1.0,1.5,.661,0.8,4.4,5.2,2.9,0.6,0.2,1.6,2.2,9.2,,stephla01
190,Troy Daniels,26,PHO,SG,79,15,20.5,2.9,7.3,.403,2.3,5.8,.400,0.6,1.5,.419,.563,0.7,0.8,.875,0.2,1.5,1.6,0.6,0.3,0.1,0.7,1.7,8.9,,danietr01
191,Manu Ginóbili,40,SAS,SG,65,0,20.0,3.1,7.1,.434,1.0,3.0,.333,2.1,4.2,.506,.503,1.7,2.0,.840,0.3,1.9,2.2,2.5,0.7,0.2,1.6,1.9,8.9,,ginobma01
192,Anthony Tolliver,32,DET,PF,79,14,22.2,2.8,6.0,.464,2.0,4.6,.436,0.8,1.4,.561,.632,1.3,1.7,.797,0.6,2.4,3.1,1.1,0.4,0.3,0.7,1.8,8.9,,tollian01
193,John Henson,27,MIL,C,76,69,25.9,3.8,6.6,.572,0.0,0.1,.143,3.8,6.5,.578,.573,1.2,2.1,.570,2.0,4.8,6.8,1.5,0.6,1.4,1.1,2.7,8.8,,hensojo01
194,Cameron Payne,23,CHI,PG,25,14,23.3,3.5,8.6,.405,1.4,3.6,.385,2.1,5.0,.419,.486,0.5,0.6,.750,0.7,2.0,2.8,4.5,1.0,0.4,1.4,1.8,8.8,,payneca01
195,Mike Scott,29,WAS,PF,76,1,18.5,3.6,6.9,.527,0.9,2.1,.405,2.8,4.8,.582,.590,0.7,1.0,.658,0.7,2.6,3.3,1.1,0.3,0.1,1.0,1.9,8.8,,scottmi01
196,Larry Nance Jr.,25,2TM,C,66,26,21.5,3.6,6.3,.581,0.0,0.2,.167,3.6,6.1,.594,.584,1.4,2.1,.664,2.4,4.4,6.8,1.2,1.3,0.6,0.8,2.6,8.7,,nancela02
196,Larry Nance Jr.,25,LAL,C,42,17,22.0,3.6,6.0,.601,0.0,0.1,.250,3.6,5.9,.606,.603,1.3,2.1,.632,2.6,4.2,6.8,1.4,1.4,0.5,1.0,2.7,8.6,,nancela02
196,Larry Nance Jr.,25,CLE,C,24,9,20.8,3.7,6.7,.550,0.0,0.3,.125,3.6,6.3,.572,.553,1.5,2.1,.720,2.2,4.8,7.0,1.0,1.2,0.8,0.4,2.5,8.9,,nancela02
197,Stanley Johnson,21,DET,SF,69,50,27.4,3.0,8.1,.375,1.0,3.4,.286,2.1,4.7,.439,.435,1.6,2.1,.772,0.5,3.2,3.7,1.6,1.4,0.2,1.1,2.4,8.7,,johnsst04
198,Skal Labissière,21,SAC,PF,60,29,20.7,3.4,7.6,.448,0.3,0.9,.353,3.1,6.8,.459,.467,1.6,2.0,.805,1.7,3.2,4.8,1.2,0.4,0.8,1.2,2.2,8.7,,labissk01
199,Johnathan Motley,22,DAL,PF,11,4,16.0,3.6,6.8,.533,0.1,0.5,.167,3.5,6.3,.565,.540,1.4,2.5,.536,1.3,3.2,4.5,0.6,0.3,0.2,0.8,1.6,8.7,,motlejo01
200,Shabazz Napier,26,POR,PG,74,9,20.7,3.0,7.2,.420,1.1,2.9,.376,1.9,4.2,.450,.497,1.6,1.9,.841,0.4,1.9,2.3,2.0,1.1,0.2,1.2,1.1,8.7,,napiesh01
201,Terrence Ross,26,ORL,SG,24,20,25.0,3.2,8.0,.398,1.3,3.9,.323,1.9,4.1,.469,.476,1.1,1.5,.750,0.4,2.6,3.0,1.6,1.1,0.5,1.2,1.9,8.7,,rosste01
202,Isaiah Canaan,26,2TM,SG,20,1,21.1,2.6,6.9,.380,1.1,3.3,.333,1.5,3.6,.423,.460,2.3,2.6,.902,0.3,2.0,2.3,3.8,0.8,0.1,1.5,1.8,8.6,,canaais01
202,Isaiah Canaan,26,HOU,SG,1,0,4.0,0.0,1.0,.000,0.0,0.0,,0.0,1.0,.000,.000,0.0,0.0,,0.0,1.0,1.0,0.0,0.0,0.0,0.0,0.0,0.0,,canaais01
202,Isaiah Canaan,26,PHO,PG,19,1,22.0,2.7,7.2,.382,1.2,3.5,.333,1.6,3.7,.429,.463,2.4,2.7,.902,0.3,2.0,2.3,4.0,0.8,0.1,1.5,1.9,9.1,,canaais01
203,Emmanuel Mudiay,21,2TM,PG,64,14,19.5,3.2,8.2,.388,0.7,2.3,.318,2.5,5.9,.415,.433,1.5,2.0,.760,0.4,2.0,2.4,3.2,0.6,0.2,1.8,1.3,8.6,,mudiaem01
203,Emmanuel Mudiay,21,DEN,PG,42,0,17.9,3.1,7.7,.401,0.9,2.4,.373,2.2,5.2,.414,.460,1.5,1.9,.808,0.4,1.9,2.2,2.9,0.5,0.1,1.7,1.1,8.5,,mudiaem01
203,Emmanuel Mudiay,21,NYK,PG,22,14,22.4,3.4,9.3,.368,0.4,2.1,.196,3.0,7.2,.418,.390,1.6,2.3,.686,0.5,2.2,2.6,3.9,0.9,0.3,1.9,1.5,8.8,,mudiaem01
204,Danny Green,30,SAS,SG,70,60,25.6,3.1,8.0,.387,1.7,4.6,.363,1.4,3.4,.419,.490,0.7,0.9,.769,0.6,3.0,3.6,1.6,0.9,1.1,1.1,1.7,8.6,,greenda02
205,Fred VanVleet,23,TOR,PG,76,0,20.0,3.1,7.2,.426,1.4,3.4,.414,1.6,3.7,.437,.525,1.1,1.3,.832,0.3,2.1,2.4,3.2,0.9,0.3,1.0,1.7,8.6,6MOY-3,vanvlfr01
206,Jonathan Gibson,30,BOS,PG,4,0,10.0,3.5,5.8,.609,1.5,3.0,.500,2.0,2.8,.727,.739,0.0,0.0,,0.0,0.8,0.8,1.0,0.0,0.0,0.8,1.3,8.5,,gibsojo01
207,Alex Len,24,PHO,C,69,13,20.2,3.1,5.5,.566,0.0,0.0,.333,3.1,5.4,.568,.567,2.3,3.3,.684,2.5,5.0,7.5,1.2,0.4,0.9,1.1,2.3,8.5,,lenal01
208,Dwight Powell,26,DAL,C,79,24,21.2,3.2,5.4,.593,0.4,1.1,.333,2.9,4.4,.656,.626,1.7,2.3,.719,1.7,3.9,5.6,1.2,0.8,0.4,0.7,2.4,8.5,,poweldw01
209,Derrick Rose,29,2TM,PG,25,7,16.8,3.2,7.4,.435,0.3,1.2,.233,3.0,6.2,.474,.454,1.6,1.8,.870,0.5,0.9,1.4,1.5,0.3,0.2,1.4,0.6,8.4,,rosede01
209,Derrick Rose,29,CLE,PG,16,7,19.3,3.6,8.3,.439,0.4,1.5,.250,3.3,6.8,.481,.462,2.2,2.6,.854,0.6,1.2,1.8,1.6,0.2,0.3,1.8,0.9,9.8,,rosede01
209,Derrick Rose,29,MIN,PG,9,0,12.4,2.6,6.0,.426,0.1,0.7,.167,2.4,5.3,.458,.435,0.6,0.6,1.000,0.3,0.3,0.7,1.2,0.4,0.0,0.8,0.2,5.8,,rosede01
210,Devin Harris,34,2TM,PG,71,1,18.9,2.6,6.4,.412,1.1,3.2,.348,1.5,3.2,.476,.499,2.0,2.4,.835,0.2,1.6,1.8,2.1,0.7,0.2,1.1,2.2,8.4,,harride01
210,Devin Harris,34,DAL,PG,44,1,18.3,2.7,6.5,.415,1.0,2.8,.352,1.7,3.6,.465,.493,2.1,2.5,.830,0.2,1.7,1.9,1.9,0.8,0.2,1.1,2.3,8.5,,harride01
210,Devin Harris,34,DEN,PG,27,0,19.7,2.6,6.3,.406,1.3,3.8,.343,1.3,2.5,.500,.509,1.8,2.1,.845,0.1,1.4,1.6,2.5,0.5,0.1,1.0,2.0,8.2,,harride01
211,Marcin Gortat,33,WAS,C,82,82,25.3,3.5,6.8,.518,0.0,0.0,,3.5,6.8,.518,.518,1.3,2.0,.675,2.2,5.4,7.6,1.8,0.5,0.7,1.2,2.1,8.4,,gortama01
212,Jerami Grant,23,OKC,PF,81,1,20.3,3.0,5.6,.535,0.4,1.4,.291,2.6,4.3,.613,.570,2.0,3.0,.675,1.1,2.9,3.9,0.7,0.4,1.0,0.7,1.9,8.4,,grantje01
213,Jerian Grant,25,CHI,PG,74,26,22.8,2.8,6.8,.416,0.8,2.5,.326,2.0,4.3,.468,.476,1.9,2.5,.745,0.4,1.9,2.3,4.6,0.9,0.1,1.2,1.8,8.4,,grantje02
214,Garrett Temple,31,SAC,SG,65,35,24.8,3.1,7.3,.418,1.4,3.5,.392,1.7,3.8,.442,.512,0.9,1.2,.769,0.3,2.0,2.3,1.9,0.9,0.4,1.2,2.1,8.4,,templga01
215,Rajon Rondo,31,NOP,PG,65,63,26.2,3.6,7.6,.468,0.8,2.3,.333,2.8,5.3,.526,.518,0.4,0.7,.543,0.5,3.6,4.0,8.2,1.1,0.2,2.3,1.8,8.3,,rondora01
216,J.R. Smith,32,CLE,SG,80,61,28.1,3.0,7.4,.403,1.8,4.8,.375,1.2,2.7,.453,.524,0.5,0.7,.696,0.4,2.6,2.9,1.8,0.9,0.1,1.0,2.0,8.3,,smithjr01
217,Jarrett Allen,19,BRK,C,72,31,20.0,3.3,5.5,.589,0.1,0.2,.333,3.2,5.3,.599,.596,1.6,2.0,.776,2.0,3.4,5.4,0.7,0.4,1.2,1.1,2.0,8.2,,allenja01
218,Thabo Sefolosha,33,UTA,SF,38,6,21.2,3.1,6.3,.492,0.8,2.2,.381,2.3,4.1,.551,.558,1.2,1.4,.815,0.8,3.5,4.2,0.9,1.4,0.3,0.8,1.6,8.2,,sefolth01
219,Evan Turner,29,POR,SF,79,40,25.7,3.3,7.3,.447,0.5,1.7,.318,2.7,5.6,.485,.484,1.2,1.4,.850,0.4,2.7,3.1,2.2,0.6,0.4,1.3,2.1,8.2,,turneev01
220,Dante Exum,22,UTA,PG,14,0,16.8,3.0,6.2,.483,0.4,1.3,.278,2.6,4.9,.536,.511,1.8,2.2,.806,0.3,1.6,1.9,3.1,0.6,0.2,1.4,1.4,8.1,,exumda01
221,Dejounte Murray,21,SAS,PG,81,48,21.5,3.3,7.5,.443,0.1,0.4,.265,3.2,7.1,.454,.451,1.3,1.8,.709,1.4,4.3,5.7,2.9,1.2,0.4,1.7,1.9,8.1,DEF2,murrade01
222,Aaron Jackson,31,HOU,PG,1,0,35.0,3.0,9.0,.333,1.0,4.0,.250,2.0,5.0,.400,.389,1.0,2.0,.500,2.0,1.0,3.0,1.0,0.0,0.0,1.0,4.0,8.0,,jacksaa01
223,Delon Wright,25,TOR,PG,69,4,20.8,2.9,6.3,.465,0.8,2.2,.366,2.1,4.0,.520,.530,1.4,1.7,.829,0.7,2.2,2.9,2.9,1.0,0.5,1.1,1.2,8.0,,wrighde01
224,Kyle Anderson,24,SAS,SF,74,67,26.7,3.1,5.9,.527,0.3,0.8,.333,2.9,5.1,.556,.549,1.4,2.0,.712,1.1,4.2,5.4,2.7,1.6,0.8,1.3,1.5,7.9,,anderky01
225,Jerryd Bayless,29,PHI,SG,39,11,23.7,2.8,6.7,.416,1.4,3.7,.370,1.4,3.0,.474,.519,0.9,1.1,.795,0.4,1.7,2.1,1.4,0.6,0.2,1.2,2.3,7.9,,bayleje01
226,Antonio Blakeney,21,CHI,SG,19,0,16.5,2.8,7.5,.371,0.8,2.7,.288,2.0,4.8,.418,.423,1.6,2.1,.769,0.2,1.5,1.7,1.1,0.4,0.1,0.6,1.0,7.9,,blakean01
227,Josh Hart,22,LAL,SG,63,23,23.2,2.8,6.0,.469,1.2,3.1,.396,1.6,2.8,.551,.573,1.0,1.5,.702,0.7,3.5,4.2,1.3,0.7,0.3,0.7,1.7,7.9,,hartjo01
228,Cory Joseph,26,IND,PG,82,17,27.0,3.1,7.4,.424,0.8,2.3,.353,2.3,5.0,.457,.479,0.9,1.1,.745,0.5,2.7,3.2,3.2,1.0,0.2,1.1,1.7,7.9,,josepco01
229,Frank Mason III,23,SAC,PG,52,2,18.9,2.8,7.3,.379,0.6,1.7,.360,2.2,5.7,.384,.420,1.8,2.2,.817,0.6,1.9,2.5,2.8,0.7,0.2,1.3,1.4,7.9,,masonfr01
230,David Nwaba,25,CHI,SG,70,21,23.5,2.9,6.0,.478,0.3,0.7,.346,2.6,5.3,.496,.499,1.9,2.9,.655,1.3,3.4,4.7,1.5,0.8,0.4,1.1,2.3,7.9,,nwabada01
231,Chandler Parsons,29,MEM,SF,36,8,19.2,3.0,6.5,.462,1.4,3.4,.421,1.6,3.1,.504,.571,0.5,0.8,.630,0.4,2.1,2.5,1.9,0.5,0.3,1.0,1.5,7.9,,parsoch01
232,Doug McDermott,26,2TM,SF,81,4,21.8,2.9,6.3,.467,1.1,2.7,.426,1.8,3.6,.497,.557,0.8,1.0,.790,0.5,2.0,2.5,1.0,0.2,0.2,0.7,1.5,7.8,,mcderdo01
232,Doug McDermott,26,NYK,SF,55,1,21.3,2.7,6.0,.460,1.0,2.5,.387,1.8,3.5,.513,.541,0.7,1.0,.755,0.6,1.8,2.4,0.9,0.2,0.2,0.6,1.3,7.2,,mcderdo01
232,Doug McDermott,26,DAL,SF,26,3,22.9,3.3,6.9,.478,1.5,3.0,.494,1.8,3.9,.465,.586,0.9,1.1,.857,0.3,2.3,2.5,1.1,0.3,0.2,0.8,1.9,9.0,,mcderdo01
233,Darius Miller,27,NOP,SF,82,3,23.7,2.6,5.9,.444,1.8,4.4,.411,0.8,1.6,.535,.594,0.7,0.8,.866,0.2,1.8,2.0,1.4,0.3,0.2,0.7,2.0,7.8,,milleda01
234,Tyler Ulis,22,PHO,PG,71,43,23.4,3.0,7.8,.388,0.6,2.1,.288,2.4,5.7,.425,.426,1.2,1.4,.832,0.3,1.5,1.8,4.4,1.0,0.1,1.8,1.7,7.8,,ulisty01
235,Justise Winslow,21,MIA,PF,68,25,24.7,3.0,7.2,.424,0.7,1.9,.380,2.3,5.3,.440,.474,1.0,1.5,.635,0.9,4.5,5.4,2.2,0.8,0.5,1.1,2.1,7.8,,winslju01
236,Alec Burks,26,UTA,SG,64,1,16.5,2.7,6.5,.411,0.7,2.2,.331,1.9,4.3,.452,.467,1.7,1.9,.863,0.3,2.7,3.0,1.0,0.6,0.1,0.9,1.2,7.7,,burksal01
237,Mario Chalmers,31,MEM,PG,66,10,21.5,2.5,6.7,.379,0.8,2.9,.277,1.7,3.8,.456,.439,1.8,2.1,.855,0.2,2.2,2.4,3.0,1.2,0.2,1.8,2.7,7.7,,chalmma01
238,Marquese Chriss,20,PHO,PF,72,49,21.2,2.8,6.6,.423,0.8,2.6,.295,2.0,4.0,.509,.482,1.3,2.2,.608,1.1,4.4,5.5,1.2,0.7,1.0,1.5,2.8,7.7,,chrisma01
239,Jarell Martin,23,MEM,PF,73,36,22.8,3.0,6.8,.446,0.5,1.3,.347,2.6,5.5,.470,.480,1.2,1.6,.767,1.3,3.0,4.4,1.0,0.5,0.7,1.2,2.9,7.7,,martija01
240,Tony Parker,35,SAS,PG,55,21,19.5,3.2,7.1,.459,0.2,0.7,.270,3.1,6.4,.479,.472,1.0,1.4,.705,0.1,1.6,1.7,3.5,0.5,0.0,1.2,0.9,7.7,,parketo01
241,Marreese Speights,30,ORL,C,52,3,13.0,2.7,6.7,.395,1.7,4.5,.369,1.0,2.2,.448,.519,0.8,1.1,.727,0.4,2.2,2.6,0.8,0.2,0.4,0.8,2.0,7.7,,speigma01
242,Luke Kennard,21,DET,SG,73,9,20.0,2.8,6.4,.443,1.1,2.7,.415,1.7,3.7,.463,.530,0.9,1.0,.855,0.3,2.1,2.4,1.7,0.6,0.2,0.9,1.2,7.6,,kennalu01
243,Mike Muscala,26,ATL,C,53,7,20.0,2.7,5.9,.458,1.2,3.2,.371,1.5,2.7,.559,.558,1.1,1.2,.919,1.1,3.3,4.3,1.0,0.6,0.5,0.8,1.5,7.6,,muscami01
244,Jarrett Jack,34,NYK,PG,62,56,25.0,3.0,7.1,.427,0.4,1.4,.291,2.6,5.8,.459,.455,1.0,1.2,.840,0.4,2.7,3.1,5.6,0.6,0.1,1.9,1.6,7.5,,jackja01
245,Luc Mbah a Moute,31,HOU,PF,61,15,25.6,2.7,5.7,.481,1.0,2.8,.364,1.7,2.8,.599,.572,1.1,1.6,.684,0.4,2.7,3.0,0.9,1.2,0.4,1.1,1.6,7.5,6MOY-12,mbahalu01
246,Ben McLemore,24,MEM,SG,56,17,19.5,2.8,6.7,.421,1.0,2.8,.346,1.8,3.8,.477,.495,0.9,1.1,.828,0.6,1.9,2.5,0.9,0.7,0.3,1.1,2.5,7.5,,mclembe01
247,Dwight Buycks,28,DET,PG,29,0,14.7,2.8,6.8,.414,0.5,1.6,.333,2.3,5.3,.438,.452,1.2,1.4,.878,0.4,1.0,1.4,2.0,0.7,0.1,1.3,1.3,7.4,,buyckdw01
248,Ian Clark,26,NOP,SG,74,2,19.7,3.0,6.7,.448,0.8,2.6,.318,2.2,4.1,.533,.511,0.6,0.8,.763,0.1,1.6,1.7,1.5,0.4,0.1,0.8,1.6,7.4,,clarkia01
249,Pascal Siakam,23,TOR,PF,81,5,20.7,3.1,6.1,.508,0.4,1.6,.220,2.8,4.5,.612,.537,0.7,1.1,.621,1.0,3.5,4.5,2.0,0.8,0.5,0.8,2.0,7.3,,siakapa01
250,Nick Young,32,GSW,SG,80,8,17.4,2.5,6.1,.412,1.5,4.1,.377,1.0,2.0,.481,.538,0.7,0.8,.862,0.3,1.3,1.6,0.5,0.5,0.1,0.5,1.3,7.3,,youngni01
251,Tyler Dorsey,21,ATL,SG,56,5,17.4,2.6,6.8,.377,1.3,3.6,.362,1.3,3.3,.393,.471,0.8,1.1,.714,0.3,2.0,2.3,1.4,0.3,0.1,0.7,1.1,7.2,,dorsety01
252,Tomáš Satoranský,26,WAS,SG,73,30,22.5,2.8,5.3,.523,0.6,1.4,.465,2.1,3.9,.544,.585,1.0,1.3,.781,1.0,2.2,3.2,3.9,0.7,0.2,1.1,1.8,7.2,6MOY-12,satorto01
253,James Ennis III,27,2TM,SF,72,22,22.3,2.5,5.3,.474,0.7,2.1,.333,1.8,3.2,.567,.540,1.3,1.6,.836,1.0,2.1,3.1,1.0,0.7,0.3,0.8,1.9,7.1,,ennisja01
253,James Ennis III,27,MEM,SF,45,14,23.4,2.4,4.9,.486,0.7,1.9,.357,1.7,3.1,.565,.554,1.4,1.6,.877,1.2,2.3,3.5,1.1,0.7,0.3,0.8,1.8,6.9,,ennisja01
253,James Ennis III,27,DET,SF,27,8,20.4,2.7,6.0,.457,0.8,2.6,.304,2.0,3.4,.570,.522,1.2,1.6,.767,0.7,1.7,2.5,0.8,0.6,0.2,0.7,2.0,7.5,,ennisja01
254,Markelle Fultz,19,PHI,SG,14,0,18.1,3.2,7.9,.405,0.0,0.1,.000,3.2,7.9,.409,.405,0.7,1.5,.476,0.8,2.3,3.1,3.8,0.9,0.3,1.2,1.6,7.1,,fultzma01
255,Kyle O'Quinn,27,NYK,C,77,10,18.0,2.9,5.0,.583,0.1,0.2,.235,2.9,4.8,.599,.589,1.3,1.6,.772,1.6,4.5,6.1,2.1,0.5,1.3,1.3,2.5,7.1,,oquinky01
256,Mason Plumlee,27,DEN,C,74,26,19.4,3.0,5.0,.601,0.0,0.0,.000,3.0,5.0,.602,.601,1.1,2.4,.458,1.8,3.6,5.4,1.9,0.7,1.1,1.4,2.5,7.1,,plumlma01
257,Mirza Teletović,32,MIL,PF,10,0,15.9,2.5,5.7,.439,2.1,4.5,.467,0.4,1.2,.333,.623,0.0,0.0,,0.3,2.0,2.3,1.0,0.4,0.1,0.7,1.4,7.1,,teletmi01
258,Cody Zeller,25,CHO,C,33,0,19.0,2.6,4.7,.545,0.1,0.1,.667,2.5,4.6,.542,.551,1.8,2.6,.718,2.0,3.3,5.4,0.9,0.4,0.6,1.0,2.5,7.1,,zelleco01
259,Al Jefferson,33,IND,C,36,1,13.4,3.1,5.8,.534,0.0,0.1,.000,3.1,5.7,.541,.534,0.8,1.0,.833,0.8,3.1,4.0,0.8,0.4,0.6,0.6,1.8,7.0,,jeffeal01
260,Jamil Wilson,27,LAC,SF,15,10,18.3,2.5,5.4,.469,1.8,4.2,.429,0.7,1.2,.611,.636,0.1,0.3,.500,0.2,1.9,2.1,0.7,0.3,0.5,0.5,2.3,7.0,,wilsoja02
261,Bam Adebayo,20,MIA,C,69,19,19.8,2.5,4.9,.512,0.0,0.1,.000,2.5,4.8,.523,.512,1.9,2.6,.721,1.7,3.8,5.5,1.5,0.5,0.6,1.0,2.0,6.9,,adebaba01
262,Raymond Felton,33,OKC,PG,82,2,16.6,2.7,6.7,.406,1.0,2.8,.352,1.7,3.9,.444,.479,0.4,0.5,.818,0.3,1.6,1.9,2.5,0.6,0.2,0.9,1.1,6.9,,feltora01
263,Bryn Forbes,24,SAS,SG,80,12,19.0,2.6,6.2,.421,1.1,2.9,.390,1.5,3.4,.446,.510,0.6,0.9,.667,0.2,1.2,1.4,1.0,0.4,0.0,0.5,1.4,6.9,,forbebr01
264,Shelvin Mack,27,ORL,PG,69,3,19.8,2.6,6.0,.430,0.7,2.0,.345,1.9,4.0,.473,.488,1.0,1.4,.711,0.3,2.1,2.4,3.9,0.8,0.1,1.3,1.3,6.9,,macksh01
265,Jakob Poeltl,22,TOR,C,82,0,18.6,3.1,4.7,.659,0.0,0.0,.500,3.1,4.7,.660,.660,0.7,1.2,.594,2.0,2.8,4.8,0.7,0.5,1.2,1.0,2.6,6.9,6MOY-12,poeltja01
266,Tony Snell,26,MIL,SG,75,59,27.4,2.5,5.7,.435,1.4,3.6,.403,1.0,2.1,.490,.562,0.5,0.6,.792,0.1,1.8,1.9,1.3,0.6,0.4,0.5,1.5,6.9,,snellto01
267,Joe Johnson,36,2TM,SF,55,4,21.9,2.7,6.5,.406,0.7,2.6,.276,1.9,3.9,.493,.461,0.7,0.8,.889,0.3,2.9,3.1,1.5,0.3,0.1,0.9,1.2,6.8,,johnsjo02
267,Joe Johnson,36,UTA,SF,32,3,21.9,3.0,7.1,.420,0.7,2.6,.274,2.3,4.4,.507,.471,0.6,0.8,.833,0.4,3.0,3.3,1.4,0.4,0.2,1.0,1.0,7.3,,johnsjo02
267,Joe Johnson,36,HOU,SF,23,1,22.0,2.2,5.8,.381,0.7,2.7,.279,1.5,3.2,.466,.444,0.9,0.9,.952,0.1,2.7,2.8,1.7,0.3,0.0,0.8,1.5,6.0,,johnsjo02
268,Nemanja Bjelica,29,MIN,PF,67,21,20.5,2.6,5.5,.461,1.1,2.7,.415,1.4,2.8,.505,.563,0.5,0.7,.800,0.8,3.3,4.1,1.3,0.7,0.2,0.8,2.1,6.8,,bjeline01
269,David West,37,GSW,C,73,0,13.7,3.0,5.2,.571,0.0,0.1,.375,2.9,5.1,.576,.575,0.8,1.1,.759,0.9,2.4,3.3,1.9,0.6,1.0,1.1,1.6,6.8,,westda01
270,Tyler Zeller,28,2TM,C,66,34,16.8,2.8,5.1,.560,0.2,0.4,.357,2.7,4.6,.578,.575,0.9,1.2,.722,1.7,3.0,4.6,0.7,0.2,0.5,0.7,1.9,6.7,,zellety01
270,Tyler Zeller,28,BRK,C,42,33,16.7,3.0,5.5,.546,0.2,0.6,.385,2.7,4.8,.567,.568,1.0,1.4,.667,1.5,3.1,4.6,0.7,0.2,0.5,0.8,1.9,7.1,,zellety01
270,Tyler Zeller,28,MIL,C,24,1,16.9,2.6,4.4,.590,0.0,0.1,.000,2.6,4.3,.602,.590,0.7,0.8,.895,2.0,2.7,4.6,0.8,0.3,0.6,0.5,2.0,5.9,,zellety01
271,Aaron Harrison,23,DAL,SG,9,3,25.9,2.1,7.7,.275,1.0,4.8,.209,1.1,2.9,.385,.341,1.4,1.9,.765,0.4,2.2,2.7,1.2,1.0,0.2,0.3,3.0,6.7,,harriaa01
272,Justin Jackson,22,SAC,SF,68,41,22.1,2.7,6.2,.442,0.8,2.7,.308,1.9,3.4,.547,.510,0.4,0.5,.722,0.4,2.4,2.8,1.1,0.4,0.2,0.6,1.2,6.7,,jacksju01
273,Luke Kornet,22,NYK,C,20,1,16.3,2.5,6.3,.392,1.4,4.0,.354,1.1,2.3,.457,.504,0.4,0.6,.727,0.6,2.7,3.2,1.3,0.3,0.8,0.6,1.4,6.7,,kornelu01
274,Kosta Koufos,28,SAC,C,71,12,19.6,3.1,5.5,.571,0.0,0.0,,3.1,5.5,.571,.571,0.5,1.0,.446,2.1,4.5,6.6,1.2,0.7,0.5,0.7,2.1,6.7,,koufoko01
275,Malik Monk,19,CHO,SG,63,0,13.6,2.4,6.7,.360,1.3,3.9,.342,1.1,2.9,.385,.458,0.5,0.6,.842,0.1,0.9,1.0,1.4,0.3,0.1,0.8,1.0,6.7,,monkma01
276,Jordan Crawford,29,NOP,SG,5,0,10.6,2.4,5.4,.444,1.6,2.8,.571,0.8,2.6,.308,.593,0.2,0.2,1.000,0.4,0.4,0.8,2.6,0.2,0.2,1.0,1.4,6.6,,crawfjo02
277,Shaquille Harrison,24,PHO,PG,23,2,16.7,2.6,5.4,.476,0.3,1.1,.231,2.3,4.3,.541,.500,1.2,1.7,.737,0.4,2.3,2.7,2.4,1.1,0.3,1.0,1.8,6.6,,harrish01
278,Danuel House Jr.,24,PHO,SG,23,3,17.5,2.4,5.6,.434,0.7,2.5,.259,1.8,3.1,.577,.492,1.1,1.3,.806,0.6,2.7,3.3,1.1,0.3,0.3,0.5,1.0,6.6,,houseda01
279,Isaiah Taylor,23,ATL,PG,67,9,17.4,2.4,5.8,.418,0.3,1.2,.250,2.1,4.6,.461,.444,1.5,2.1,.702,0.3,1.1,1.4,3.1,0.5,0.1,1.3,1.7,6.6,,taylois01
280,Dragan Bender,20,PHO,PF,82,37,25.2,2.3,5.9,.386,1.4,3.9,.366,0.8,2.0,.426,.508,0.5,0.6,.765,0.5,3.9,4.4,1.6,0.3,0.6,1.4,2.0,6.5,,bendedr01
281,Tyson Chandler,35,PHO,C,46,46,25.0,2.6,4.1,.647,0.0,0.0,,2.6,4.1,.647,.647,1.3,2.0,.624,2.9,6.2,9.1,1.2,0.3,0.6,1.3,2.3,6.5,,chandty01
282,Maurice Harkless,24,POR,SF,59,37,21.4,2.5,5.0,.495,0.8,2.0,.415,1.7,3.0,.547,.577,0.7,1.0,.712,0.8,2.0,2.7,0.9,0.8,0.7,0.7,1.7,6.5,,harklma01
283,Nenê,35,HOU,C,52,4,14.6,2.6,4.6,.569,0.0,0.0,.000,2.6,4.6,.574,.569,1.3,2.1,.636,1.0,2.3,3.4,0.9,0.5,0.3,0.7,2.4,6.5,,hilarne01
284,Richaun Holmes,24,PHI,C,48,2,15.5,2.8,5.0,.560,0.1,0.6,.129,2.7,4.4,.624,.568,0.8,1.2,.661,1.2,3.2,4.4,1.3,0.4,0.6,0.5,2.0,6.5,,holmeri01
285,Josh Gray,24,PHO,PG,5,0,17.2,2.2,8.2,.268,0.6,2.6,.231,1.6,5.6,.286,.305,1.4,2.2,.636,0.4,1.6,2.0,2.4,1.6,0.4,1.4,1.6,6.4,,grayjo01
286,Sean Kilpatrick,28,4TM,SG,52,1,12.3,2.1,5.7,.374,0.9,2.8,.319,1.2,2.9,.427,.452,1.2,1.4,.889,0.1,1.6,1.7,0.9,0.3,0.1,0.7,0.6,6.3,,kilpase01
286,Sean Kilpatrick,28,BRK,SG,16,0,11.4,1.6,5.4,.287,0.7,2.7,.256,0.9,2.8,.318,.351,1.1,1.2,.947,0.1,2.1,2.2,0.9,0.1,0.1,1.0,0.5,4.9,,kilpase01
286,Sean Kilpatrick,28,MIL,SG,23,0,8.9,1.3,3.6,.378,0.6,2.0,.283,0.8,1.6,.500,.457,0.8,0.8,.947,0.0,1.0,1.1,0.7,0.2,0.0,0.4,0.7,4.0,,kilpase01
286,Sean Kilpatrick,28,LAC,SG,4,0,9.5,1.8,4.5,.389,0.8,1.8,.429,1.0,2.8,.364,.472,0.5,0.5,1.000,0.0,0.5,0.5,0.8,0.0,0.0,0.3,0.5,4.8,,kilpase01
286,Sean Kilpatrick,28,CHI,SG,9,1,23.8,5.2,11.9,.439,2.1,5.3,.396,3.1,6.6,.475,.528,2.9,3.6,.813,0.3,2.4,2.8,1.4,0.7,0.3,1.3,0.9,15.4,,kilpase01
287,Trevor Booker,30,3TM,PF,68,7,17.0,2.6,5.0,.516,0.1,0.5,.242,2.5,4.6,.545,.528,1.0,1.4,.710,1.7,3.0,4.7,1.2,0.4,0.3,0.9,1.8,6.3,,booketr01
287,Trevor Booker,30,BRK,PF,18,6,21.9,4.3,8.3,.513,0.2,0.7,.250,4.1,7.7,.536,.523,1.3,2.4,.558,2.1,4.5,6.6,2.1,0.4,0.3,1.7,2.4,10.1,,booketr01
287,Trevor Booker,30,PHI,PF,33,0,15.0,1.8,3.3,.560,0.1,0.2,.286,1.8,3.1,.578,.569,1.0,1.2,.821,1.4,2.3,3.7,0.8,0.5,0.3,0.6,1.5,4.7,,booketr01
287,Trevor Booker,30,IND,PF,17,1,15.8,2.3,4.9,.464,0.2,0.8,.214,2.1,4.1,.514,.482,0.6,0.6,.909,1.9,2.6,4.5,1.0,0.2,0.3,0.5,1.5,5.4,,booketr01
288,Troy Williams,23,2TM,SF,21,1,14.6,2.4,5.2,.468,0.5,1.8,.289,1.9,3.4,.563,.518,1.0,1.4,.667,1.0,2.0,3.0,0.8,1.0,0.2,0.9,1.6,6.3,,willitr02
288,Troy Williams,23,HOU,SF,4,0,4.3,0.5,2.3,.222,0.0,1.3,.000,0.5,1.0,.500,.222,0.3,0.8,.333,0.3,0.8,1.0,0.3,0.3,0.0,0.3,0.5,1.3,,willitr02
288,Troy Williams,23,NYK,SF,17,1,17.1,2.9,5.9,.490,0.6,1.9,.333,2.2,3.9,.567,.545,1.1,1.6,.704,1.2,2.2,3.5,0.9,1.1,0.2,1.1,1.9,7.5,,willitr02
289,Jahlil Okafor,22,2TM,C,28,0,12.6,2.8,4.9,.558,0.0,0.1,.250,2.7,4.8,.567,.562,0.8,1.0,.724,0.8,2.3,3.0,0.4,0.1,0.6,0.8,1.8,6.3,,okafoja01
289,Jahlil Okafor,22,PHI,C,2,0,12.5,2.0,4.5,.444,0.0,0.0,,2.0,4.5,.444,.444,1.0,2.0,.500,2.0,2.5,4.5,0.5,0.0,1.0,1.5,3.5,5.0,,okafoja01
289,Jahlil Okafor,22,BRK,C,26,0,12.6,2.8,5.0,.566,0.0,0.2,.250,2.8,4.8,.576,.570,0.7,1.0,.760,0.7,2.3,2.9,0.4,0.1,0.6,0.7,1.7,6.4,,okafoja01
290,Malcolm Delaney,28,ATL,PG,54,3,18.8,2.0,5.3,.382,0.9,2.3,.371,1.2,3.0,.391,.463,1.4,1.7,.804,0.2,1.7,1.9,3.0,0.6,0.1,1.2,1.5,6.3,,delanma01
291,T.J. McConnell,25,PHI,PG,76,1,22.4,2.8,5.5,.499,0.4,0.8,.435,2.4,4.7,.510,.531,0.4,0.5,.795,0.5,2.5,3.0,4.0,1.2,0.2,1.5,1.6,6.3,,mccontj01
292,Jodie Meeks,30,WAS,SG,77,0,14.5,2.0,5.1,.399,0.9,2.7,.343,1.1,2.4,.464,.491,1.3,1.5,.863,0.2,1.4,1.6,0.9,0.4,0.1,0.5,0.7,6.3,,meeksjo01
293,Isaiah Whitehead,22,BRK,PG,16,0,11.3,2.5,5.4,.465,0.4,1.1,.389,2.1,4.3,.485,.506,0.8,1.2,.684,0.3,1.4,1.6,1.3,0.5,0.1,1.5,1.4,6.3,,whiteis01
294,Justin Anderson,24,PHI,SF,38,0,13.7,2.3,5.3,.431,0.9,2.7,.330,1.4,2.6,.535,.515,0.7,1.0,.737,0.7,1.8,2.4,0.7,0.4,0.2,0.4,1.4,6.2,,anderju01
295,Langston Galloway,26,DET,SG,58,2,14.9,2.2,5.9,.371,1.3,3.8,.344,0.9,2.1,.418,.481,0.6,0.7,.805,0.2,1.4,1.6,1.0,0.6,0.1,0.3,0.7,6.2,,gallola01
296,Kobi Simmons,20,MEM,PG,32,12,20.1,2.5,5.9,.423,0.3,1.2,.282,2.2,4.7,.460,.452,0.8,0.8,1.000,0.4,1.1,1.6,2.1,0.6,0.2,1.4,1.9,6.1,,simmoko01
297,P.J. Tucker,32,HOU,PF,82,34,27.8,2.1,5.4,.390,1.4,3.8,.371,0.7,1.6,.435,.520,0.5,0.7,.717,1.1,4.4,5.6,0.9,1.0,0.3,0.9,2.5,6.1,,tuckepj01
298,Boban Marjanović,29,2TM,C,39,1,8.6,2.0,3.8,.534,0.0,0.0,,2.0,3.8,.534,.534,2.0,2.5,.794,1.2,2.5,3.7,0.6,0.3,0.3,0.9,1.3,6.0,,marjabo01
298,Boban Marjanović,29,DET,C,19,1,9.0,2.2,4.2,.519,0.0,0.0,,2.2,4.2,.519,.519,1.9,2.4,.800,0.8,2.2,3.0,0.7,0.2,0.3,1.2,1.5,6.2,,marjabo01
298,Boban Marjanović,29,LAC,C,20,0,8.3,1.9,3.5,.551,0.0,0.0,,1.9,3.5,.551,.551,2.1,2.6,.788,1.7,2.7,4.4,0.4,0.3,0.3,0.7,1.2,5.9,,marjabo01
299,Aron Baynes,31,BOS,C,81,67,18.3,2.6,5.5,.471,0.0,0.3,.143,2.6,5.2,.487,.474,0.7,1.0,.756,1.6,3.8,5.4,1.1,0.3,0.6,1.0,2.5,6.0,,baynear01
300,Andre Iguodala,34,GSW,SF,64,7,25.3,2.3,5.0,.463,0.5,1.8,.282,1.8,3.2,.567,.514,0.9,1.4,.632,0.8,3.1,3.8,3.3,0.8,0.6,1.0,1.5,6.0,,iguodan01
301,Rodney Purvis,23,ORL,SG,16,2,18.1,2.2,6.7,.327,0.8,3.3,.250,1.4,3.4,.400,.388,0.8,0.9,.867,0.1,1.6,1.7,1.1,0.2,0.2,0.6,1.6,6.0,,purviro01
302,Quincy Acy,27,BRK,PF,70,8,19.4,1.9,5.2,.356,1.5,4.2,.349,0.4,1.0,.384,.496,0.7,0.9,.817,0.6,3.1,3.7,0.8,0.5,0.4,0.9,2.1,5.9,,acyqu01
303,OG Anunoby,20,TOR,SF,74,62,20.0,2.2,4.7,.471,1.0,2.7,.371,1.2,2.0,.604,.577,0.5,0.8,.629,0.6,1.9,2.5,0.7,0.7,0.2,0.6,1.8,5.9,,anunoog01
304,Dāvis Bertāns,25,SAS,PF,77,10,14.1,2.1,4.8,.440,1.2,3.3,.373,0.9,1.5,.588,.568,0.5,0.6,.816,0.2,1.8,2.0,1.0,0.3,0.4,0.5,1.2,5.9,,bertada01
305,Gorgui Dieng,28,MIN,C,79,0,16.9,2.4,4.9,.479,0.2,0.8,.311,2.1,4.1,.511,.504,1.0,1.3,.775,1.3,3.2,4.6,0.9,0.6,0.5,0.7,1.9,5.9,,dienggo01
306,Kenneth Faried,28,DEN,PF,32,7,14.4,2.4,4.6,.514,0.0,0.0,.000,2.4,4.6,.517,.514,1.1,1.6,.706,2.1,2.7,4.8,0.6,0.4,0.4,0.7,1.6,5.9,,farieke01
307,Dorian Finney-Smith,24,DAL,PF,21,13,21.3,2.2,5.8,.380,1.0,3.2,.299,1.2,2.6,.481,.463,0.5,0.7,.733,1.0,2.5,3.6,1.2,0.5,0.2,1.0,2.0,5.9,,finnedo01
308,Frank Ntilikina,19,NYK,PG,78,9,21.9,2.3,6.4,.364,0.6,2.0,.318,1.7,4.4,.385,.414,0.6,0.9,.721,0.5,1.8,2.3,3.2,0.8,0.2,1.7,2.3,5.9,,ntilila01
309,Deyonta Davis,21,MEM,C,62,6,15.2,2.6,4.3,.608,0.0,0.0,,2.6,4.3,.608,.608,0.6,0.9,.667,1.2,2.8,4.0,0.6,0.2,0.6,0.5,2.0,5.8,,davisde01
310,Jonas Jerebko,30,UTA,PF,74,19,15.3,2.1,4.6,.466,0.9,2.1,.414,1.3,2.5,.511,.562,0.6,0.8,.807,0.7,2.6,3.3,0.6,0.3,0.2,0.4,1.7,5.8,,jerebjo01
311,Timothé Luwawu-Cabarrot,22,PHI,SF,52,7,15.5,1.9,5.1,.375,1.0,3.0,.335,0.9,2.1,.431,.474,0.9,1.1,.793,0.3,1.1,1.4,1.0,0.2,0.1,0.7,1.9,5.8,,luwawti01
312,Xavier Rathan-Mayes,23,MEM,SG,5,0,23.6,2.4,8.4,.286,0.2,2.8,.071,2.2,5.6,.393,.298,0.8,1.8,.444,0.0,1.0,1.0,3.6,1.2,0.6,2.2,3.6,5.8,,rathaxa01
313,Tristan Thompson,26,CLE,C,53,22,20.2,2.5,4.4,.562,0.0,0.0,,2.5,4.4,.562,.562,0.8,1.5,.544,2.4,4.3,6.6,0.6,0.3,0.3,0.7,1.9,5.8,,thomptr01
314,Dante Cunningham,30,2TM,SF,73,25,21.4,2.2,5.0,.451,0.8,2.3,.345,1.5,2.7,.541,.530,0.4,0.7,.596,1.1,3.0,4.1,0.7,0.5,0.4,0.5,1.5,5.7,,cunnida01
314,Dante Cunningham,30,NOP,SF,51,24,21.9,1.9,4.4,.440,0.7,2.1,.324,1.3,2.3,.547,.518,0.4,0.7,.556,1.0,2.8,3.8,0.5,0.5,0.3,0.3,1.5,5.0,,cunnida01
314,Dante Cunningham,30,BRK,SF,22,1,20.3,3.0,6.3,.468,1.0,2.7,.383,1.9,3.6,.532,.550,0.5,0.7,.688,1.3,3.5,4.8,1.0,0.5,0.6,0.8,1.6,7.5,,cunnida01
315,Bismack Biyombo,25,ORL,C,82,25,18.2,2.2,4.3,.520,0.0,0.0,.000,2.2,4.3,.521,.520,1.2,1.9,.650,1.8,4.0,5.7,0.8,0.3,1.2,1.0,1.9,5.7,,biyombi01
316,Omri Casspi,29,GSW,SF,53,7,14.0,2.3,3.9,.580,0.2,0.4,.455,2.1,3.5,.595,.604,0.9,1.3,.725,0.6,3.2,3.8,1.0,0.3,0.4,0.7,1.3,5.7,,casspom01
317,Jack Cooley,26,SAC,PF,7,0,12.4,1.9,3.9,.481,0.0,0.0,,1.9,3.9,.481,.481,2.0,2.7,.737,2.0,2.3,4.3,0.9,0.1,0.0,0.4,1.9,5.7,,cooleja01
318,Jameel Warney,24,DAL,PF,3,0,9.0,2.3,4.0,.583,0.0,0.0,,2.3,4.0,.583,.583,1.0,1.7,.600,1.3,1.7,3.0,0.0,0.0,0.0,0.3,0.7,5.7,,warneja01
319,Cristiano Felício,25,CHI,C,55,16,17.8,2.3,3.9,.591,0.0,0.0,.000,2.3,3.9,.596,.591,1.0,1.5,.667,1.5,2.7,4.2,1.0,0.3,0.2,1.0,1.9,5.6,,feliccr01
320,Ivan Rabb,20,MEM,PF,36,5,14.3,2.4,4.2,.566,0.0,0.0,,2.4,4.2,.566,.566,0.8,1.0,.806,1.5,2.9,4.4,0.9,0.3,0.4,1.0,1.5,5.6,,rabbiv01
321,Omari Johnson,28,MEM,PF,4,0,18.8,2.3,5.3,.429,1.0,3.0,.333,1.3,2.3,.556,.524,0.0,0.0,,1.0,1.8,2.8,1.8,0.5,0.0,0.8,1.5,5.5,,johnsom01
322,Shaun Livingston,32,GSW,PG,71,7,15.9,2.4,4.8,.501,0.0,0.1,.000,2.4,4.8,.509,.501,0.7,0.9,.820,0.5,1.4,1.8,2.0,0.5,0.3,0.8,1.6,5.5,,livinsh01
323,Norman Powell,24,TOR,SG,70,18,15.2,2.1,5.3,.401,0.8,2.7,.285,1.4,2.7,.516,.472,0.5,0.6,.821,0.2,1.5,1.7,1.3,0.5,0.2,0.9,1.6,5.5,,powelno01
324,C.J. Williams,27,LAC,SG,38,18,18.6,2.3,5.2,.442,0.6,2.1,.282,1.7,3.1,.546,.497,0.3,0.4,.813,0.3,1.2,1.5,1.1,0.8,0.3,0.5,1.7,5.5,,willicj01
325,Wade Baldwin,21,POR,PG,7,0,11.4,2.0,3.0,.667,0.6,0.7,.800,1.4,2.3,.625,.762,0.9,1.4,.600,0.1,1.0,1.1,0.7,0.3,0.1,0.6,1.7,5.4,,baldwwa01
326,Vince Carter,41,SAC,SF,58,4,17.7,2.0,4.9,.403,1.0,2.8,.345,1.0,2.0,.483,.504,0.5,0.6,.757,0.3,2.2,2.6,1.2,0.7,0.4,0.6,1.7,5.4,,cartevi01
327,Pat Connaughton,25,POR,SG,82,5,18.1,2.0,4.8,.423,0.9,2.6,.352,1.1,2.2,.506,.518,0.5,0.5,.841,0.4,1.5,2.0,1.1,0.3,0.3,0.5,1.5,5.4,,connapa01
328,Myke Henry,25,MEM,SF,20,0,18.9,2.1,5.5,.376,1.0,2.9,.328,1.1,2.6,.431,.463,0.3,0.5,.600,0.5,1.4,1.9,1.1,1.6,0.3,1.0,1.4,5.4,,henrymy01
329,Jonathan Isaac,20,ORL,PF,27,10,19.9,2.0,5.4,.379,0.6,1.7,.348,1.4,3.7,.394,.434,0.7,0.9,.760,0.6,3.1,3.7,0.7,1.2,1.1,1.0,1.8,5.4,,isaacjo01
330,Wesley Johnson,30,LAC,SF,74,40,20.1,2.0,5.0,.408,0.8,2.4,.339,1.2,2.6,.471,.489,0.6,0.8,.741,0.4,2.5,2.9,0.8,1.0,0.8,0.7,2.0,5.4,,johnswe01
331,Maxi Kleber,26,DAL,PF,72,35,16.8,2.1,4.3,.489,0.6,1.8,.313,1.5,2.5,.613,.553,0.6,0.8,.746,1.0,2.3,3.3,0.7,0.4,0.7,0.4,1.6,5.4,,klebima01
332,Jon Leuer,28,DET,PF,8,0,17.0,1.9,4.5,.417,0.0,0.4,.000,1.9,4.1,.455,.417,1.6,1.9,.867,0.9,3.1,4.0,0.6,0.1,0.4,0.9,2.0,5.4,,leuerjo01
333,Zaza Pachulia,33,GSW,C,69,57,14.1,2.2,3.8,.564,0.0,0.0,.000,2.2,3.8,.567,.564,1.1,1.3,.806,1.3,3.4,4.7,1.6,0.6,0.2,1.0,1.8,5.4,,pachuza01
334,Corey Brewer,31,2TM,SG,72,18,16.8,2.0,4.4,.449,0.4,1.5,.282,1.5,2.9,.539,.498,0.9,1.3,.722,0.6,1.5,2.1,0.9,1.1,0.2,0.7,1.9,5.3,,breweco01
334,Corey Brewer,31,LAL,SF,54,2,12.9,1.4,3.2,.453,0.1,0.8,.186,1.3,2.4,.543,.477,0.6,0.9,.667,0.4,1.3,1.7,0.8,0.8,0.1,0.7,1.5,3.7,,breweco01
334,Corey Brewer,31,OKC,SG,18,16,28.6,3.6,8.0,.444,1.3,3.7,.343,2.3,4.3,.532,.524,1.7,2.2,.795,1.1,2.3,3.4,1.3,2.1,0.3,0.6,3.1,10.1,,breweco01
335,Ed Davis,28,POR,C,78,0,18.9,2.2,3.7,.582,0.0,0.0,.000,2.2,3.7,.584,.582,0.9,1.4,.667,2.3,5.0,7.4,0.5,0.4,0.7,0.8,2.4,5.3,,davised01
336,Daniel Theis,25,BOS,C,63,3,14.9,2.0,3.7,.541,0.3,0.9,.310,1.7,2.8,.617,.579,1.0,1.3,.753,1.4,2.9,4.3,0.9,0.5,0.8,0.9,2.5,5.3,,theisda01
337,Luke Babbitt,28,2TM,SF,50,14,14.3,1.8,4.3,.423,1.2,3.1,.385,0.6,1.2,.525,.563,0.3,0.4,.773,0.1,1.8,1.9,0.6,0.2,0.1,0.4,1.1,5.2,,babbilu01
337,Luke Babbitt,28,ATL,SF,37,9,15.4,2.2,4.5,.476,1.3,3.0,.441,0.8,1.5,.544,.622,0.5,0.6,.773,0.1,2.1,2.2,0.7,0.2,0.1,0.4,1.3,6.1,,babbilu01
337,Luke Babbitt,28,MIA,SF,13,5,11.2,0.8,3.6,.234,0.8,3.5,.244,0.0,0.2,.000,.351,0.0,0.0,,0.2,1.0,1.2,0.4,0.1,0.2,0.3,0.5,2.5,,babbilu01
338,DeAndre' Bembry,23,ATL,SF,26,3,17.5,2.0,4.9,.414,0.4,1.2,.367,1.6,3.8,.429,.457,0.7,1.3,.576,0.3,2.5,2.8,1.9,0.8,0.5,1.8,1.5,5.2,,bembrde01
339,Brandon Jennings,28,MIL,PG,14,0,14.6,1.9,5.1,.375,0.6,2.4,.273,1.3,2.8,.462,.438,0.7,0.7,1.000,0.4,1.9,2.2,3.1,0.4,0.3,1.3,0.8,5.2,,jennibr01
340,Willy Hernangómez,23,2TM,C,48,1,10.3,1.9,3.4,.555,0.1,0.3,.417,1.8,3.2,.566,.570,1.2,1.9,.656,1.3,2.5,3.8,0.7,0.4,0.3,0.7,1.3,5.1,,hernawi01
340,Willy Hernangómez,23,NYK,C,26,0,9.0,1.9,3.1,.605,0.0,0.2,.200,1.8,2.9,.632,.611,0.5,1.1,.429,0.8,1.7,2.6,0.8,0.3,0.3,1.0,1.2,4.3,,hernawi01
340,Willy Hernangómez,23,CHO,C,22,1,11.9,1.9,3.8,.506,0.2,0.3,.571,1.7,3.5,.500,.530,2.1,2.8,.758,1.8,3.5,5.3,0.5,0.5,0.4,0.4,1.5,6.1,,hernawi01
341,Jamel Artis,25,ORL,SG,15,1,18.6,2.1,5.3,.392,0.5,1.9,.276,1.5,3.3,.460,.443,0.5,0.8,.583,0.3,2.3,2.5,1.2,0.1,0.2,0.5,0.7,5.1,,artisja01
342,Tyus Jones,21,MIN,PG,82,11,17.9,1.8,4.0,.457,0.5,1.6,.349,1.3,2.4,.528,.526,0.9,1.0,.877,0.2,1.4,1.6,2.8,1.2,0.1,0.7,1.3,5.1,,jonesty01
343,Rodney McGruder,26,MIA,SG,18,2,16.6,2.0,4.1,.493,0.8,1.9,.429,1.2,2.1,.553,.596,0.2,0.4,.500,0.6,1.2,1.8,0.9,0.4,0.2,0.2,1.2,5.1,,mcgruro01
344,Shabazz Muhammad,25,2TM,SG,43,2,9.7,2.0,4.4,.447,0.2,0.6,.259,1.8,3.7,.478,.465,0.9,1.2,.780,0.5,1.2,1.8,0.3,0.2,0.1,0.1,0.7,5.0,,muhamsh01
344,Shabazz Muhammad,25,MIN,SF,32,2,9.4,1.5,3.8,.388,0.1,0.6,.211,1.3,3.2,.422,.405,0.7,1.0,.710,0.5,0.9,1.4,0.2,0.2,0.1,0.2,0.7,3.8,,muhamsh01
344,Shabazz Muhammad,25,MIL,SG,11,0,10.6,3.4,6.1,.552,0.3,0.7,.375,3.1,5.4,.576,.575,1.5,1.7,.895,0.7,2.1,2.8,0.6,0.4,0.1,0.1,0.6,8.5,,muhamsh01
345,Channing Frye,34,2TM,C,53,1,13.1,2.0,4.0,.491,0.7,2.2,.339,1.2,1.8,.670,.583,0.3,0.4,.895,0.2,2.3,2.5,0.7,0.3,0.2,0.4,1.3,5.0,,fryech01
345,Channing Frye,34,CLE,C,44,1,12.4,1.9,3.8,.497,0.7,2.0,.333,1.2,1.8,.684,.586,0.3,0.3,.933,0.2,2.3,2.5,0.6,0.4,0.3,0.4,1.2,4.8,,fryech01
345,Channing Frye,34,LAL,C,9,0,16.7,2.2,4.8,.465,1.0,2.8,.360,1.2,2.0,.611,.570,0.3,0.4,.750,0.2,2.6,2.8,1.1,0.1,0.1,0.4,1.7,5.8,,fryech01
346,Royce O'Neale,24,UTA,SF,69,4,16.7,1.7,4.1,.423,0.6,1.7,.356,1.1,2.4,.470,.496,0.9,1.1,.803,0.4,3.1,3.4,1.4,0.5,0.2,0.8,1.5,5.0,,onealro01
347,Andre Roberson,26,OKC,SG,39,39,26.6,2.2,4.2,.537,0.2,0.9,.222,2.0,3.2,.627,.562,0.3,1.0,.316,1.9,2.8,4.7,1.2,1.2,0.9,0.8,2.3,5.0,,roberan03
348,Brandan Wright,30,2TM,PF,28,1,13.6,2.1,3.6,.578,0.0,0.0,,2.1,3.6,.578,.578,0.8,1.2,.636,1.2,2.2,3.4,0.5,0.5,0.9,0.3,1.1,5.0,,wrighbr03
348,Brandan Wright,30,MEM,PF,27,1,13.6,2.1,3.7,.576,0.0,0.0,,2.1,3.7,.576,.576,0.8,1.2,.636,1.2,2.3,3.4,0.5,0.5,0.9,0.3,1.1,5.0,,wrighbr03
348,Brandan Wright,30,HOU,PF,1,0,15.0,2.0,3.0,.667,0.0,0.0,,2.0,3.0,.667,.667,0.0,0.0,,1.0,1.0,2.0,0.0,0.0,1.0,0.0,3.0,4.0,,wrighbr03
349,Noah Vonleh,22,2TM,PF,54,16,16.2,1.9,4.3,.444,0.4,1.2,.303,1.6,3.1,.500,.487,0.7,1.1,.621,1.3,4.5,5.8,0.6,0.4,0.3,0.6,1.3,4.9,,vonleno01
349,Noah Vonleh,22,POR,PF,33,12,14.4,1.4,2.9,.490,0.1,0.2,.333,1.4,2.7,.500,.500,0.7,0.9,.742,1.1,4.0,5.1,0.4,0.2,0.3,0.5,1.3,3.6,,vonleno01
349,Noah Vonleh,22,CHI,PF,21,4,19.0,2.7,6.6,.413,0.9,2.9,.300,1.9,3.7,.500,.478,0.6,1.3,.481,1.7,5.2,6.9,1.0,0.6,0.3,0.8,1.2,6.9,,vonleno01
350,Ramon Sessions,31,2TM,PG,28,3,14.0,1.5,4.2,.359,0.3,0.9,.308,1.2,3.3,.374,.393,1.6,2.0,.772,0.2,1.1,1.4,2.8,0.5,0.1,1.1,1.0,4.9,,sessira01
350,Ramon Sessions,31,NYK,PG,13,3,12.8,1.3,4.1,.321,0.2,0.8,.182,1.2,3.2,.357,.340,0.9,1.2,.800,0.1,1.3,1.4,2.1,0.5,0.1,1.2,1.1,3.7,,sessira01
350,Ramon Sessions,31,WAS,PG,15,0,15.0,1.7,4.3,.391,0.4,1.0,.400,1.3,3.3,.388,.438,2.1,2.8,.762,0.3,1.0,1.3,3.3,0.5,0.1,1.0,1.0,5.9,,sessira01
351,Jameer Nelson,35,2TM,PG,50,0,20.3,1.9,4.9,.389,0.8,2.5,.331,1.1,2.4,.450,.473,0.3,0.4,.800,0.3,1.8,2.1,3.6,0.5,0.1,1.3,1.6,4.9,,nelsoja01
351,Jameer Nelson,35,NOP,PG,43,0,20.9,2.0,4.8,.410,0.9,2.6,.364,1.0,2.2,.463,.507,0.3,0.4,.765,0.3,2.0,2.2,3.6,0.5,0.1,1.3,1.6,5.1,,nelsoja01
351,Jameer Nelson,35,DET,PG,7,0,16.6,1.6,5.6,.282,0.1,2.0,.071,1.4,3.6,.400,.295,0.4,0.4,1.000,0.3,0.9,1.1,3.3,0.6,0.1,1.6,2.0,3.7,,nelsoja01
352,Cheick Diallo,21,NOP,PF,52,0,11.2,2.0,3.4,.580,0.0,0.0,,2.0,3.4,.580,.580,1.0,1.3,.758,0.9,3.2,4.1,0.4,0.2,0.4,0.5,1.6,4.9,,diallch01
353,Jawun Evans,21,LAC,PG,48,4,16.2,1.9,5.3,.352,0.3,1.1,.278,1.5,4.1,.372,.381,0.8,1.0,.776,0.2,1.6,1.8,2.1,0.8,0.1,0.9,2.0,4.8,,evansja01
354,Ian Mahinmi,31,WAS,C,77,0,14.9,1.8,3.2,.556,0.0,0.0,.000,1.8,3.2,.561,.556,1.2,1.7,.703,1.8,2.3,4.1,0.7,0.5,0.5,1.3,3.0,4.8,,mahinia01
355,Thon Maker,20,MIL,C,74,12,16.7,1.8,4.3,.411,0.4,1.4,.298,1.3,2.9,.467,.460,0.9,1.3,.699,1.0,2.0,3.0,0.6,0.5,0.7,0.6,2.2,4.8,,makerth01
356,JaVale McGee,30,GSW,C,65,17,9.5,2.1,3.4,.621,0.0,0.1,.000,2.1,3.3,.638,.621,0.6,0.8,.731,0.9,1.7,2.6,0.5,0.3,0.9,0.4,1.4,4.8,,mcgeeja01
357,Johnny O'Bryant,24,CHO,PF,36,0,10.5,1.9,4.8,.398,0.4,1.2,.326,1.5,3.6,.422,.439,0.6,0.7,.840,0.8,1.8,2.6,0.4,0.3,0.2,0.4,1.3,4.8,,obryajo01
358,Álex Abrines,24,OKC,SG,75,8,15.1,1.5,3.9,.395,1.1,2.9,.380,0.4,0.9,.443,.540,0.5,0.6,.848,0.3,1.2,1.5,0.4,0.5,0.1,0.3,1.7,4.7,,abrinal01
359,Tony Allen,36,NOP,SF,22,0,12.4,2.0,4.1,.484,0.2,0.5,.333,1.8,3.6,.506,.505,0.5,1.0,.524,0.9,1.2,2.1,0.4,0.5,0.1,0.9,2.2,4.7,,allento01
360,Tyler Cavanaugh,23,ATL,PF,39,1,13.3,1.7,3.9,.441,0.8,2.3,.360,0.9,1.6,.556,.546,0.4,0.5,.810,1.2,2.1,3.3,0.7,0.2,0.1,0.4,1.6,4.7,,cavanty01
361,Jaylen Morris,22,ATL,SG,6,0,16.3,2.2,5.3,.406,0.3,1.7,.200,1.8,3.7,.500,.438,0.0,0.0,,0.3,2.3,2.7,1.2,0.3,0.2,1.0,0.3,4.7,,morrija01
362,JaKarr Sampson,24,SAC,SF,22,6,15.6,2.0,3.7,.543,0.2,0.5,.500,1.8,3.2,.549,.574,0.5,0.7,.625,1.0,2.6,3.5,0.4,0.4,1.0,0.4,2.2,4.7,,sampsja02
363,Jalen Jones,24,2TM,SF,16,0,11.3,1.6,4.3,.382,0.6,1.6,.385,1.0,2.6,.381,.456,0.8,1.2,.632,0.8,1.6,2.4,0.3,0.3,0.1,0.4,1.4,4.6,,jonesja04
363,Jalen Jones,24,NOP,SF,4,0,4.8,0.3,1.0,.250,0.3,0.3,1.000,0.0,0.8,.000,.375,0.5,0.5,1.000,0.0,0.8,0.8,0.0,0.0,0.0,0.0,0.5,1.3,,jonesja04
363,Jalen Jones,24,DAL,SF,12,0,13.5,2.1,5.3,.391,0.8,2.1,.360,1.3,3.3,.410,.461,0.8,1.4,.588,1.1,1.8,2.9,0.3,0.4,0.1,0.6,1.7,5.8,,jonesja04
364,Willie Reed,27,2TM,C,42,5,10.2,1.9,2.9,.669,0.0,0.0,.500,1.9,2.8,.672,.674,0.8,1.3,.582,0.8,2.0,2.9,0.2,0.2,0.5,0.5,1.3,4.6,,reedwi02
364,Willie Reed,27,LAC,C,39,5,10.7,2.1,3.1,.667,0.0,0.1,.500,2.0,3.0,.669,.671,0.8,1.4,.582,0.9,2.2,3.1,0.2,0.2,0.6,0.5,1.4,4.9,,reedwi02
364,Willie Reed,27,DET,C,3,0,3.0,0.3,0.3,1.000,0.0,0.0,,0.3,0.3,1.000,1.000,0.0,0.0,,0.0,0.3,0.3,0.3,0.0,0.0,0.0,1.0,0.7,,reedwi02
365,Jordan Bell,23,GSW,C,57,13,14.2,2.0,3.2,.627,0.0,0.1,.000,2.0,3.2,.641,.627,0.5,0.8,.682,1.1,2.6,3.6,1.8,0.6,1.0,0.9,1.6,4.6,,belljo01
366,Michael Carter-Williams,26,CHO,PG,52,2,16.1,1.5,4.4,.332,0.3,1.1,.237,1.2,3.3,.365,.362,1.4,1.7,.820,0.7,1.9,2.7,2.2,0.8,0.4,1.0,1.9,4.6,,cartemi01
367,Amir Johnson,30,PHI,C,74,18,15.8,1.9,3.5,.538,0.1,0.4,.313,1.8,3.1,.570,.558,0.7,1.1,.612,1.7,2.8,4.5,1.6,0.6,0.6,0.7,2.6,4.6,,johnsam01
368,Andrew White,24,ATL,SF,15,0,13.9,1.7,4.9,.342,1.2,3.3,.367,0.5,1.6,.292,.466,0.1,0.3,.250,0.3,2.0,2.3,0.4,0.2,0.1,0.5,0.8,4.6,,whitean01
369,José Calderón,36,CLE,PG,57,32,16.0,1.6,3.2,.503,0.8,1.7,.464,0.8,1.5,.545,.624,0.4,0.5,.800,0.2,1.2,1.5,2.1,0.5,0.0,0.7,1.4,4.5,,caldejo01
370,Raul Neto,25,UTA,PG,41,0,12.1,1.7,3.7,.457,0.5,1.1,.404,1.2,2.5,.481,.520,0.6,0.9,.743,0.2,1.0,1.2,1.8,0.3,0.1,0.9,0.9,4.5,,netora01
371,Nik Stauskas,24,2TM,SG,41,0,12.8,1.5,3.8,.390,1.0,2.4,.400,0.5,1.3,.370,.519,0.5,0.7,.724,0.1,1.5,1.6,1.0,0.2,0.1,0.6,0.6,4.4,,stausni01
371,Nik Stauskas,24,PHI,SG,6,0,7.5,0.2,0.7,.250,0.0,0.2,.000,0.2,0.5,.333,.250,0.3,0.3,1.000,0.0,0.2,0.2,0.2,0.7,0.0,0.7,0.5,0.7,,stausni01
371,Nik Stauskas,24,BRK,SG,35,0,13.7,1.7,4.3,.393,1.1,2.8,.404,0.5,1.5,.373,.527,0.5,0.8,.704,0.1,1.7,1.8,1.1,0.1,0.1,0.6,0.6,5.1,,stausni01
372,Zach Collins,20,POR,C,66,1,15.8,1.7,4.4,.398,0.5,1.7,.310,1.2,2.7,.455,.458,0.4,0.6,.643,0.7,2.7,3.3,0.8,0.3,0.5,0.9,2.0,4.4,,colliza01
373,Isaiah Hicks,23,NYK,PF,18,0,13.3,1.8,4.0,.458,0.1,0.5,.222,1.7,3.5,.492,.472,0.7,1.0,.667,0.6,1.7,2.3,0.9,0.1,0.2,0.9,2.5,4.4,,hicksis01
374,Nerlens Noel,23,DAL,C,30,6,15.7,1.8,3.5,.524,0.0,0.0,.000,1.8,3.5,.529,.524,0.7,0.9,.750,1.6,4.0,5.6,0.7,1.0,0.7,0.9,2.0,4.4,,noelne01
375,Emeka Okafor,35,NOP,C,26,19,13.6,1.8,3.7,.505,0.0,0.0,,1.8,3.7,.505,.505,0.7,0.8,.818,1.8,2.8,4.6,0.3,0.3,1.0,0.5,1.2,4.4,,okafoem01
376,Iman Shumpert,27,CLE,SG,14,6,19.7,1.6,4.1,.379,0.5,1.9,.269,1.1,2.3,.469,.440,0.8,1.1,.733,0.5,2.4,2.9,1.2,0.6,0.3,1.1,1.6,4.4,,shumpim01
377,Travis Wear,27,LAL,SF,17,0,13.4,1.5,4.2,.347,1.0,2.8,.362,0.5,1.5,.320,.465,0.5,0.5,1.000,0.0,2.2,2.2,0.4,0.2,0.3,0.4,1.8,4.4,,weartr01
378,Matthew Dellavedova,27,MIL,PG,38,3,18.7,1.4,4.0,.362,0.8,2.1,.372,0.7,1.9,.351,.457,0.7,0.7,.926,0.4,1.3,1.7,3.8,0.4,0.0,1.3,1.8,4.3,,dellama01
379,Treveon Graham,24,CHO,SG,63,2,16.7,1.5,3.5,.434,0.6,1.5,.412,0.9,2.0,.452,.525,0.7,0.9,.695,0.7,1.3,1.9,0.9,0.5,0.0,0.4,1.7,4.3,,grahatr01
380,Shane Larkin,25,BOS,PG,54,2,14.4,1.6,4.1,.384,0.6,1.6,.360,1.0,2.5,.398,.454,0.6,0.7,.865,0.3,1.4,1.7,1.8,0.5,0.0,0.6,1.1,4.3,,larkish01
381,Miles Plumlee,29,ATL,C,55,35,16.7,1.9,3.3,.583,0.0,0.0,,1.9,3.3,.583,.583,0.5,1.1,.450,1.4,2.7,4.1,0.8,0.3,0.5,1.1,1.4,4.3,,plumlmi01
382,Khem Birch,25,ORL,C,42,0,13.8,1.6,3.0,.540,0.0,0.0,,1.6,3.0,.540,.540,1.0,1.5,.689,1.7,2.6,4.3,0.8,0.4,0.5,0.5,1.3,4.2,,birchkh01
383,Torrey Craig,27,DEN,SF,39,5,16.1,1.6,3.5,.453,0.4,1.5,.293,1.2,2.0,.570,.515,0.6,0.9,.629,1.0,2.2,3.3,0.6,0.3,0.4,0.5,1.6,4.2,,craigto01
384,Sam Dekker,23,LAC,PF,73,1,12.1,1.8,3.5,.494,0.1,0.8,.167,1.6,2.7,.593,.514,0.5,0.8,.661,0.6,1.8,2.4,0.5,0.3,0.1,0.5,1.0,4.2,,dekkesa01
385,Timofey Mozgov,31,BRK,C,31,13,11.6,1.7,3.0,.559,0.1,0.6,.222,1.5,2.4,.640,.581,0.7,1.0,.767,1.0,2.1,3.2,0.4,0.2,0.4,1.1,1.3,4.2,,mozgoti01
386,Adreian Payne,26,ORL,PF,5,0,8.6,1.4,2.0,.700,0.4,0.6,.667,1.0,1.4,.714,.800,1.0,1.2,.833,0.4,1.4,1.8,0.0,0.4,0.0,0.4,1.2,4.2,,paynead01
387,Damyean Dotson,23,NYK,SG,44,2,10.8,1.6,3.7,.447,0.5,1.5,.324,1.1,2.1,.538,.516,0.4,0.5,.696,0.2,1.7,1.9,0.7,0.3,0.0,0.4,0.8,4.1,,dotsoda01
388,Tyler Ennis,23,LAL,PG,54,11,12.6,1.7,4.1,.420,0.3,1.0,.250,1.5,3.1,.476,.451,0.4,0.5,.759,0.4,1.4,1.8,1.9,0.6,0.2,0.7,1.4,4.1,,ennisty01
389,Joffrey Lauvergne,26,SAS,C,55,1,9.7,1.8,3.5,.516,0.0,0.1,.000,1.8,3.4,.530,.516,0.5,0.9,.638,1.1,2.0,3.1,0.7,0.2,0.1,0.6,0.8,4.1,,lauvejo01
390,Alec Peters,22,PHO,PF,20,0,11.3,1.4,3.7,.378,0.9,2.9,.310,0.5,0.8,.625,.500,0.4,0.5,.800,0.4,1.5,1.9,0.6,0.1,0.1,0.2,0.7,4.1,,peteral01
391,Glenn Robinson III,24,IND,SF,23,1,14.7,1.6,3.7,.424,0.6,1.5,.412,1.0,2.2,.431,.506,0.4,0.5,.818,0.5,1.1,1.6,0.7,0.6,0.0,0.2,0.6,4.1,,robingl02
392,Lance Thomas,29,NYK,PF,73,31,18.5,1.4,3.7,.382,0.7,1.7,.403,0.7,2.0,.364,.476,0.6,0.7,.830,0.6,1.8,2.4,0.6,0.4,0.2,0.5,1.8,4.1,,thomala01
393,Sterling Brown,22,MIL,SG,54,4,14.4,1.5,3.8,.400,0.6,1.7,.352,0.9,2.1,.439,.478,0.4,0.4,.875,0.5,2.1,2.6,0.5,0.6,0.2,0.5,1.5,4.0,,brownst02
394,Henry Ellenson,21,DET,PF,38,0,8.7,1.4,3.8,.363,0.5,1.6,.333,0.9,2.3,.384,.432,0.7,0.8,.862,0.3,1.9,2.1,0.5,0.1,0.0,0.5,0.6,4.0,,ellenhe01
395,Kevon Looney,21,GSW,C,66,4,13.8,1.7,2.9,.580,0.0,0.1,.200,1.7,2.8,.590,.583,0.6,1.2,.545,1.3,2.0,3.3,0.6,0.5,0.8,0.5,1.6,4.0,,looneke01
396,Patrick McCaw,22,GSW,SG,57,10,16.9,1.6,3.9,.409,0.3,1.4,.238,1.3,2.5,.503,.451,0.5,0.6,.765,0.3,1.2,1.4,1.4,0.8,0.2,0.7,1.2,4.0,,mccawpa01
397,Jordan Mickey,23,MIA,PF,23,3,12.3,1.7,3.6,.476,0.1,0.7,.125,1.6,2.9,.561,.488,0.6,0.8,.684,0.8,2.7,3.5,0.4,0.3,0.4,0.8,1.6,4.0,,mickejo01
398,Chinanu Onuaku,21,HOU,C,1,0,22.0,2.0,5.0,.400,0.0,0.0,,2.0,5.0,.400,.400,0.0,0.0,,1.0,3.0,4.0,1.0,0.0,0.0,3.0,4.0,4.0,,onuakch01
399,Alan Williams,25,PHO,PF,5,0,14.0,1.4,3.6,.389,0.0,0.0,,1.4,3.6,.389,.389,1.2,1.8,.667,0.6,3.8,4.4,1.6,1.0,0.2,1.4,2.6,4.0,,willial03
400,Paul Zipser,23,CHI,SF,54,12,15.3,1.5,4.3,.346,0.7,2.0,.336,0.8,2.3,.355,.425,0.4,0.5,.760,0.2,2.2,2.4,0.9,0.4,0.3,0.8,1.6,4.0,,zipsepa01
401,Cedi Osman,22,CLE,SF,61,12,11.0,1.5,3.0,.484,0.5,1.4,.368,1.0,1.6,.586,.570,0.4,0.8,.565,0.3,1.7,2.0,0.7,0.4,0.0,0.5,1.3,3.9,,osmande01
402,Patrick Patterson,28,OKC,PF,82,3,15.5,1.3,3.2,.398,0.8,2.1,.386,0.5,1.2,.421,.523,0.5,0.6,.870,0.4,2.0,2.4,0.7,0.6,0.3,0.4,1.1,3.9,,pattepa01
403,Sindarius Thornwell,23,LAC,SG,73,16,15.8,1.4,3.2,.429,0.3,0.8,.377,1.1,2.4,.448,.479,0.8,1.2,.670,0.5,1.5,1.9,0.9,0.7,0.3,0.7,1.7,3.9,,thornsi01
404,Joe Young,25,IND,PG,53,1,10.5,1.5,3.5,.430,0.5,1.2,.379,1.0,2.3,.458,.497,0.4,0.5,.759,0.2,1.0,1.2,0.7,0.3,0.0,0.5,0.7,3.9,,youngjo01
405,R.J. Hunter,24,HOU,SG,5,1,9.0,1.4,4.0,.350,0.6,2.8,.214,0.8,1.2,.667,.425,0.4,0.4,1.000,0.0,1.0,1.0,0.6,0.6,0.0,0.4,1.4,3.8,,hunterj01
406,Wes Iwundu,23,ORL,SF,62,12,16.5,1.5,3.5,.427,0.1,0.7,.196,1.4,2.8,.488,.447,0.5,0.8,.723,0.6,1.6,2.2,0.9,0.5,0.2,0.5,1.3,3.7,,iwundwe01
407,Marquis Teague,24,MEM,PG,3,0,24.7,1.3,5.3,.250,0.3,1.3,.250,1.0,4.0,.250,.281,0.7,1.7,.400,0.3,1.7,2.0,4.3,1.3,0.0,1.0,1.7,3.7,,teaguma01
408,Ante Žižić,21,CLE,C,32,2,6.7,1.5,2.1,.731,0.0,0.0,,1.5,2.1,.731,.731,0.7,0.9,.724,0.8,1.1,1.9,0.2,0.1,0.4,0.3,0.9,3.7,,zizican01
409,Ivica Zubac,20,LAL,C,43,0,9.5,1.4,2.8,.500,0.0,0.0,.000,1.4,2.8,.504,.500,0.9,1.2,.765,1.0,1.8,2.9,0.6,0.2,0.3,0.6,1.1,3.7,,zubaciv01
410,Kay Felder,22,2TM,PG,16,0,8.8,1.3,4.4,.300,0.3,1.2,.211,1.1,3.2,.333,.329,0.7,0.8,.917,0.2,0.9,1.1,1.3,0.2,0.1,1.0,0.7,3.6,,feldeka01
410,Kay Felder,22,CHI,PG,14,0,9.6,1.4,4.7,.303,0.3,1.3,.222,1.1,3.4,.333,.333,0.8,0.9,.917,0.1,0.9,1.0,1.4,0.2,0.1,1.1,0.8,3.9,,feldeka01
410,Kay Felder,22,DET,PG,2,0,3.0,0.5,2.0,.250,0.0,0.5,.000,0.5,1.5,.333,.250,0.0,0.0,,1.0,1.0,2.0,0.0,0.0,0.0,0.5,0.0,1.0,,feldeka01
411,Alex Caruso,23,LAL,PG,37,7,15.2,1.4,3.1,.431,0.4,1.2,.302,1.0,2.0,.507,.487,0.6,0.8,.700,0.4,1.4,1.8,2.0,0.6,0.3,1.1,1.4,3.6,,carusal01
412,Tarik Black,26,HOU,C,51,2,10.5,1.5,2.5,.591,0.0,0.2,.091,1.5,2.3,.638,.594,0.6,1.2,.460,1.2,2.0,3.2,0.3,0.4,0.6,0.7,2.1,3.5,,blackta01
413,Salah Mejri,31,DAL,C,61,1,12.0,1.4,2.2,.642,0.0,0.0,.000,1.4,2.2,.657,.642,0.6,1.1,.576,1.4,2.6,4.0,0.6,0.4,1.1,0.6,2.0,3.5,,mejrisa01
414,Malachi Richardson,22,2TM,SG,26,4,12.5,1.2,3.5,.333,0.5,1.5,.300,0.7,1.9,.360,.400,0.7,0.8,.773,0.2,1.1,1.3,0.5,0.4,0.0,0.4,1.0,3.4,,richama01
414,Malachi Richardson,22,SAC,SG,25,4,12.8,1.2,3.5,.330,0.5,1.6,.308,0.7,2.0,.347,.398,0.7,0.9,.773,0.2,1.1,1.3,0.5,0.4,0.0,0.4,1.1,3.5,,richama01
414,Malachi Richardson,22,TOR,SG,1,0,5.0,1.0,2.0,.500,0.0,1.0,.000,1.0,1.0,1.000,.500,0.0,0.0,,0.0,1.0,1.0,0.0,0.0,0.0,0.0,0.0,2.0,,richama01
415,Arron Afflalo,32,ORL,SG,53,3,12.9,1.2,3.1,.401,0.5,1.3,.386,0.7,1.7,.413,.485,0.4,0.5,.846,0.1,1.2,1.2,0.6,0.1,0.2,0.4,1.1,3.4,,afflaar01
416,Milton Doyle,24,BRK,SG,10,0,12.5,1.3,4.7,.277,0.4,2.3,.174,0.9,2.4,.375,.319,0.4,0.8,.500,0.3,1.5,1.8,1.0,0.6,0.2,0.2,1.3,3.4,,doylemi01
417,Walt Lemon Jr.,25,NOP,PG,5,0,7.0,1.4,3.2,.438,0.2,0.2,1.000,1.2,3.0,.400,.469,0.4,0.6,.667,0.0,0.4,0.4,1.0,0.0,0.2,0.8,1.0,3.4,,lemonwa01
418,Meyers Leonard,25,POR,C,33,2,7.7,1.4,2.4,.590,0.3,0.8,.423,1.1,1.6,.673,.660,0.3,0.3,.818,0.4,1.8,2.1,0.5,0.2,0.0,0.3,1.1,3.4,,leoname01
419,Jason Smith,31,WAS,C,33,2,8.6,1.4,3.5,.391,0.1,1.0,.125,1.2,2.5,.494,.409,0.6,0.6,.905,0.5,1.1,1.6,0.4,0.1,0.4,0.5,1.3,3.4,,smithja02
420,Dwayne Bacon,22,CHO,SG,53,6,13.5,1.4,3.6,.375,0.2,0.8,.256,1.2,2.8,.409,.404,0.4,0.5,.800,0.1,2.3,2.3,0.7,0.3,0.0,0.4,0.9,3.3,,bacondw01
421,Juancho Hernangómez,22,DEN,PF,25,3,11.1,1.2,3.0,.387,0.6,2.0,.280,0.6,1.0,.600,.480,0.4,0.5,.833,0.7,1.4,2.2,0.5,0.2,0.1,0.4,1.0,3.3,,hernaju01
422,Monte Morris,22,DEN,PG,3,0,8.3,1.3,2.0,.667,0.0,0.3,.000,1.3,1.7,.800,.667,0.7,0.7,1.000,0.0,0.7,0.7,2.3,1.0,0.0,0.3,0.3,3.3,,morrimo01
423,David Stockton,26,UTA,PG,3,0,3.0,0.7,1.0,.667,0.7,1.0,.667,0.0,0.0,,1.000,1.3,1.3,1.000,0.0,0.0,0.0,0.0,0.0,0.0,0.3,1.0,3.3,,stockda01
424,Jason Terry,40,MIL,SG,51,4,16.0,1.2,3.0,.383,0.8,2.3,.348,0.4,0.8,.487,.513,0.2,0.2,.889,0.1,0.8,0.9,1.2,0.8,0.3,0.5,1.0,3.3,,terryja01
425,Okaro White,25,MIA,PF,6,4,13.3,1.2,2.7,.438,0.7,1.8,.364,0.5,0.8,.600,.563,0.3,0.5,.667,0.5,1.3,1.8,0.3,0.2,0.2,0.2,1.0,3.3,,whiteok01
426,Malik Beasley,21,DEN,SG,62,0,9.4,1.2,2.9,.410,0.5,1.3,.341,0.7,1.5,.469,.489,0.4,0.5,.667,0.2,0.9,1.1,0.5,0.2,0.1,0.4,0.6,3.2,,beaslma01
427,Kyle Collinsworth,26,DAL,SF,32,2,15.0,1.2,3.1,.384,0.1,0.5,.235,1.1,2.6,.415,.404,0.7,1.3,.525,1.0,2.3,3.3,1.8,0.5,0.3,0.8,1.4,3.2,,colliky01
428,Jared Dudley,32,PHO,PF,48,0,14.3,1.0,2.5,.393,0.6,1.7,.363,0.4,0.9,.452,.512,0.6,0.7,.771,0.2,1.8,2.0,1.6,0.5,0.2,0.6,1.8,3.2,,dudleja01
429,Derrick White,23,SAS,PG,17,0,8.2,0.9,1.9,.485,0.5,0.8,.615,0.5,1.2,.400,.606,0.8,1.2,.700,0.3,1.2,1.5,0.5,0.2,0.2,0.4,0.5,3.2,,whitede01
430,Derrick Jones Jr.,20,2TM,SF,20,8,12.3,1.1,2.7,.396,0.2,0.9,.167,0.9,1.8,.514,.425,0.8,1.2,.667,1.1,0.9,1.9,0.5,0.2,0.7,0.4,1.2,3.1,,jonesde02
430,Derrick Jones Jr.,20,PHO,SF,6,0,5.5,0.3,0.7,.500,0.0,0.3,.000,0.3,0.3,1.000,.500,0.8,1.0,.833,0.3,0.3,0.7,0.5,0.2,0.7,0.2,0.3,1.5,,jonesde02
430,Derrick Jones Jr.,20,MIA,SF,14,8,15.1,1.4,3.5,.388,0.2,1.1,.188,1.1,2.4,.485,.418,0.8,1.3,.611,1.4,1.1,2.4,0.4,0.2,0.6,0.4,1.6,3.7,,jonesde02
431,Terrance Ferguson,19,OKC,SG,61,12,12.5,1.1,2.8,.414,0.7,2.0,.333,0.5,0.8,.612,.533,0.1,0.2,.900,0.3,0.5,0.8,0.3,0.4,0.2,0.2,1.4,3.1,,fergute01
432,Nigel Hayes-Davis,23,3TM,SF,9,0,13.6,1.2,3.7,.333,0.4,1.8,.250,0.8,1.9,.412,.394,0.1,0.3,.333,0.4,2.0,2.4,0.7,0.2,0.3,0.2,0.9,3.0,,hayesni01
432,Nigel Hayes-Davis,23,LAL,SF,2,0,5.5,0.5,1.5,.333,0.0,1.0,.000,0.5,0.5,1.000,.333,0.5,0.5,1.000,0.0,0.0,0.0,1.0,0.0,0.0,0.0,0.0,1.5,,hayesni01
432,Nigel Hayes-Davis,23,TOR,SF,2,0,3.0,1.0,1.0,1.000,1.0,1.0,1.000,0.0,0.0,,1.500,0.0,0.0,,0.0,0.0,0.0,0.0,0.0,0.0,0.5,0.0,3.0,,hayesni01
432,Nigel Hayes-Davis,23,SAC,SF,5,0,21.0,1.6,5.6,.286,0.4,2.4,.167,1.2,3.2,.375,.321,0.0,0.4,.000,0.8,3.6,4.4,0.8,0.4,0.6,0.2,1.6,3.6,,hayesni01
433,Gary Payton II,25,2TM,PG,23,6,9.6,1.3,3.2,.405,0.3,1.1,.240,1.0,2.1,.490,.446,0.1,0.4,.333,0.6,1.3,1.9,0.9,0.3,0.1,0.3,1.3,3.0,,paytoga02
433,Gary Payton II,25,MIL,PG,12,6,8.8,1.1,2.8,.394,0.2,1.0,.167,0.9,1.8,.524,.424,0.2,0.3,.667,0.3,1.1,1.4,0.8,0.3,0.1,0.3,1.4,2.5,,paytoga02
433,Gary Payton II,25,LAL,PG,11,0,10.5,1.5,3.7,.415,0.4,1.2,.308,1.2,2.5,.464,.463,0.1,0.5,.167,0.8,1.6,2.5,1.1,0.4,0.2,0.4,1.2,3.5,,paytoga02
434,Jabari Bird,23,BOS,SG,13,1,8.8,1.2,2.0,.577,0.2,0.5,.429,0.9,1.5,.632,.635,0.5,1.0,.462,0.5,1.0,1.5,0.6,0.2,0.1,0.6,0.5,3.0,,birdja01
435,Anthony Brown,25,MIN,SF,1,0,4.0,1.0,1.0,1.000,1.0,1.0,1.000,0.0,0.0,,1.500,0.0,0.0,,0.0,0.0,0.0,1.0,0.0,0.0,0.0,0.0,3.0,,brownan02
436,Tim Frazier,27,WAS,PG,59,11,14.2,1.2,2.9,.395,0.3,0.9,.304,0.9,2.0,.440,.445,0.4,0.5,.767,0.3,1.6,1.9,3.3,0.8,0.1,1.0,1.6,3.0,,fraziti01
437,Naz Mitrou-Long,24,UTA,SG,1,0,1.0,1.0,1.0,1.000,1.0,1.0,1.000,0.0,0.0,,1.500,0.0,0.0,,0.0,0.0,0.0,0.0,0.0,0.0,0.0,0.0,3.0,,mitrona01
438,Abdel Nader,24,BOS,SF,48,1,10.9,1.0,3.1,.336,0.5,1.4,.354,0.6,1.8,.321,.413,0.5,0.8,.590,0.3,1.2,1.5,0.5,0.3,0.2,0.7,0.9,3.0,,naderab01
439,Kendrick Perkins,33,CLE,C,1,0,15.0,1.0,2.0,.500,0.0,0.0,,1.0,2.0,.500,.500,1.0,2.0,.500,0.0,1.0,1.0,2.0,1.0,0.0,1.0,1.0,3.0,,perkike01
440,Davon Reed,22,PHO,SG,21,1,11.5,1.0,3.6,.289,0.5,1.8,.289,0.5,1.8,.289,.362,0.4,0.6,.667,0.1,1.8,1.9,0.6,0.5,0.1,0.5,0.8,3.0,,reedda01
441,Gian Clavell,24,DAL,SG,7,0,9.1,0.9,2.6,.333,0.9,2.1,.400,0.0,0.4,.000,.500,0.3,0.3,1.000,0.1,0.9,1.0,0.4,0.3,0.0,0.3,1.1,2.9,,clavegi01
442,T.J. Leaf,20,IND,PF,53,0,8.7,1.2,2.6,.471,0.3,0.8,.429,0.9,1.8,.489,.537,0.2,0.3,.625,0.5,1.0,1.5,0.2,0.1,0.1,0.2,0.8,2.9,,leaftj01
443,Briante Weber,25,2TM,PG,18,0,13.2,1.1,2.4,.442,0.2,0.6,.364,0.8,1.8,.469,.488,0.4,0.6,.800,0.4,1.5,1.9,1.2,1.0,0.3,0.8,1.6,2.8,,weberbr01
443,Briante Weber,25,HOU,PG,13,0,9.1,0.7,1.7,.409,0.3,0.7,.444,0.4,1.0,.385,.500,0.3,0.3,1.000,0.2,1.2,1.4,1.0,0.8,0.2,0.5,1.4,2.0,,weberbr01
443,Briante Weber,25,MEM,PG,5,0,23.8,2.0,4.2,.476,0.0,0.4,.000,2.0,3.8,.526,.476,0.8,1.2,.667,1.0,2.4,3.4,1.8,1.6,0.4,1.6,2.0,4.8,,weberbr01
444,Darrell Arthur,29,DEN,PF,19,1,7.4,1.2,2.5,.468,0.4,1.2,.348,0.7,1.3,.583,.553,0.1,0.2,.667,0.2,0.6,0.8,0.5,0.4,0.2,0.8,1.2,2.8,,arthuda01
445,James Young,22,PHI,SG,6,0,10.2,0.8,2.3,.357,0.5,1.7,.300,0.3,0.7,.500,.464,0.7,1.0,.667,0.0,0.3,0.3,0.3,0.0,0.0,0.2,0.7,2.8,,youngja01
446,James Michael McAdoo,25,PHI,PF,3,0,6.0,0.7,2.3,.286,0.7,2.3,.286,0.0,0.0,,.429,0.7,0.7,1.000,0.0,0.7,0.7,0.0,0.0,0.3,0.3,0.3,2.7,,mcadoja01
447,Semi Ojeleye,23,BOS,PF,73,0,15.8,0.9,2.6,.346,0.5,1.7,.320,0.3,0.9,.397,.452,0.3,0.6,.610,0.5,1.7,2.2,0.3,0.3,0.1,0.3,1.2,2.7,,ojelese01
448,Josh Magette,28,ATL,PG,18,0,12.0,0.8,2.6,.326,0.4,1.2,.364,0.4,1.3,.292,.413,0.4,0.4,1.000,0.1,0.9,1.1,3.2,0.4,0.1,0.5,0.9,2.6,,magetjo01
449,Ekpe Udoh,30,UTA,C,63,3,12.9,1.0,1.9,.500,0.0,0.0,.000,1.0,1.9,.504,.500,0.7,0.9,.750,1.1,1.3,2.4,0.8,0.7,1.2,0.3,1.7,2.6,,udohek01
450,Bobby Brown,33,HOU,PG,20,0,5.8,1.0,2.9,.328,0.6,2.0,.275,0.4,0.9,.444,.422,0.1,0.1,.500,0.0,0.4,0.4,0.6,0.2,0.0,0.5,0.3,2.5,,brownbo02
451,Malcolm Miller,24,TOR,SF,15,4,8.4,0.9,1.9,.464,0.5,1.4,.381,0.3,0.5,.714,.607,0.3,0.3,1.000,0.3,0.7,1.0,0.2,0.1,0.1,0.3,0.7,2.5,,millema01
452,Lucas Nogueira,25,TOR,C,49,3,8.5,1.0,1.6,.613,0.1,0.4,.263,0.9,1.2,.721,.644,0.4,0.6,.679,0.4,1.4,1.8,0.4,0.5,0.9,0.3,1.0,2.5,,noguelu01
453,Brice Johnson,23,2TM,PF,18,0,5.4,1.1,2.3,.476,0.0,0.1,.000,1.1,2.3,.488,.476,0.2,0.3,.600,0.5,1.2,1.7,0.1,0.5,0.3,0.3,0.7,2.4,,johnsbr02
453,Brice Johnson,23,LAC,PF,9,0,4.2,0.8,1.2,.636,0.0,0.1,.000,0.8,1.1,.700,.636,0.2,0.2,1.000,0.2,1.2,1.4,0.1,0.7,0.2,0.4,0.8,1.8,,johnsbr02
453,Brice Johnson,23,MEM,PF,9,0,6.7,1.4,3.4,.419,0.0,0.0,,1.4,3.4,.419,.419,0.1,0.3,.333,0.8,1.2,2.0,0.1,0.3,0.4,0.1,0.7,3.0,,johnsbr02
454,Ron Baker,24,NYK,SG,29,1,13.3,0.7,2.0,.339,0.4,1.1,.333,0.3,0.9,.346,.432,0.7,0.9,.769,0.2,0.9,1.0,1.6,0.9,0.2,0.6,1.1,2.4,,bakerro01
455,Solomon Hill,26,NOP,SF,12,1,15.6,0.9,3.4,.268,0.3,1.8,.190,0.6,1.7,.350,.317,0.3,0.5,.500,0.8,2.3,3.0,1.8,0.6,0.1,0.8,1.8,2.4,,hillso01
456,Chris McCullough,22,WAS,PF,19,0,4.7,0.9,2.2,.429,0.1,0.4,.125,0.9,1.8,.500,.440,0.5,0.7,.643,0.4,0.9,1.3,0.2,0.0,0.3,0.1,0.4,2.4,,mcculch01
457,Marcus Paige,24,CHO,PG,5,0,5.6,0.8,2.8,.286,0.4,1.6,.250,0.4,1.2,.333,.357,0.4,0.4,1.000,0.0,0.8,0.8,0.6,0.0,0.0,0.0,0.0,2.4,,paigema01
458,Guerschon Yabusele,22,BOS,PF,33,4,7.1,0.8,1.8,.426,0.4,1.1,.324,0.4,0.7,.583,.525,0.5,0.7,.682,0.5,1.1,1.6,0.5,0.1,0.2,0.4,0.7,2.4,,yabusgu01
459,Rashad Vaughn,21,3TM,SG,28,0,7.6,0.8,2.0,.411,0.5,1.3,.378,0.3,0.7,.474,.536,0.1,0.2,.667,0.1,0.6,0.8,0.5,0.2,0.1,0.2,0.5,2.3,,vaughra01
459,Rashad Vaughn,21,MIL,SG,22,0,7.9,1.0,2.3,.420,0.6,1.6,.371,0.4,0.7,.533,.550,0.2,0.3,.667,0.1,0.7,0.8,0.5,0.2,0.1,0.2,0.5,2.7,,vaughra01
459,Rashad Vaughn,21,BRK,SG,1,0,4.0,0.0,0.0,,0.0,0.0,,0.0,0.0,,,0.0,0.0,,0.0,0.0,0.0,1.0,0.0,0.0,0.0,1.0,0.0,,vaughra01
459,Rashad Vaughn,21,ORL,SG,5,0,7.0,0.4,1.2,.333,0.2,0.4,.500,0.2,0.8,.250,.417,0.0,0.0,,0.2,0.6,0.8,0.0,0.2,0.0,0.4,0.4,1.0,,vaughra01
460,Aaron Brooks,33,MIN,PG,32,1,5.9,0.9,2.2,.406,0.3,1.0,.355,0.5,1.2,.447,.486,0.3,0.3,.727,0.2,0.3,0.5,0.6,0.2,0.0,0.3,0.9,2.3,,brookaa01
461,Lorenzo Brown,27,TOR,PG,14,0,9.9,1.0,2.4,.412,0.1,0.9,.167,0.9,1.6,.545,.441,0.1,0.1,1.000,0.1,1.0,1.1,0.9,0.4,0.0,0.2,0.5,2.3,,brownlo01
462,John Holland,29,CLE,SF,24,0,7.3,0.7,2.5,.288,0.5,1.5,.306,0.3,1.0,.261,.381,0.4,0.5,.692,0.3,0.8,1.0,0.2,0.3,0.1,0.3,0.4,2.3,,hollajo02
463,Josh Huestis,26,OKC,PF,69,10,14.2,0.9,2.6,.330,0.5,1.7,.287,0.4,1.0,.403,.420,0.1,0.3,.300,0.6,1.7,2.3,0.3,0.2,0.6,0.4,1.2,2.3,,huestjo01
464,Brandon Paul,26,SAS,SG,64,2,9.0,0.9,2.0,.433,0.2,0.8,.278,0.6,1.1,.548,.492,0.3,0.7,.512,0.1,1.0,1.1,0.6,0.4,0.1,0.5,0.9,2.3,,paulbr01
465,Caleb Swanigan,20,POR,PF,27,3,7.0,0.9,2.2,.400,0.0,0.3,.125,0.9,1.9,.442,.408,0.4,0.7,.667,0.6,1.4,2.0,0.5,0.2,0.1,0.7,1.4,2.3,,swanica01
466,Bruno Caboclo,22,2TM,SF,12,0,8.9,0.8,2.6,.290,0.3,1.4,.176,0.5,1.2,.429,.339,0.4,0.5,.833,0.6,1.3,1.8,0.3,0.3,0.3,0.3,0.7,2.2,,cabocbr01
466,Bruno Caboclo,22,TOR,SF,2,0,3.5,0.0,1.0,.000,0.0,1.0,.000,0.0,0.0,,.000,0.0,0.0,,0.0,0.5,0.5,0.5,0.5,0.0,0.0,0.5,0.0,,cabocbr01
466,Bruno Caboclo,22,SAC,SF,10,0,10.0,0.9,2.9,.310,0.3,1.5,.200,0.6,1.4,.429,.362,0.5,0.6,.833,0.7,1.4,2.1,0.3,0.2,0.4,0.4,0.7,2.6,,cabocbr01
467,Nick Collison,37,OKC,PF,15,0,5.0,0.9,1.3,.684,0.0,0.0,,0.9,1.3,.684,.684,0.3,0.9,.385,0.5,0.9,1.3,0.3,0.0,0.0,0.5,0.5,2.1,,collini01
468,Eric Moreland,26,DET,PF,67,3,12.0,1.0,1.8,.541,0.0,0.0,,1.0,1.8,.541,.541,0.2,0.4,.379,1.2,2.9,4.1,1.2,0.5,0.8,0.6,1.7,2.1,,moreler01
469,Georgios Papagiannis,20,2TM,C,17,0,7.2,1.1,2.5,.429,0.0,0.0,,1.1,2.5,.429,.429,0.0,0.0,,0.8,1.4,2.2,0.5,0.2,0.4,0.5,0.7,2.1,,papagge01
469,Georgios Papagiannis,20,SAC,C,16,0,7.4,1.1,2.6,.415,0.0,0.0,,1.1,2.6,.415,.415,0.0,0.0,,0.8,1.5,2.3,0.6,0.1,0.4,0.5,0.8,2.1,,papagge01
469,Georgios Papagiannis,20,POR,C,1,0,4.0,1.0,1.0,1.000,0.0,0.0,,1.0,1.0,1.000,1.000,0.0,0.0,,1.0,0.0,1.0,0.0,2.0,0.0,0.0,0.0,2.0,,papagge01
470,Ryan Arcidiacono,23,CHI,PG,24,0,12.7,0.7,1.7,.415,0.4,1.3,.290,0.3,0.4,.800,.524,0.2,0.3,.833,0.0,1.0,1.0,1.5,0.5,0.0,0.5,0.8,2.0,,arcidry01
471,Luol Deng,32,LAL,SF,1,1,13.0,1.0,2.0,.500,0.0,0.0,,1.0,2.0,.500,.500,0.0,0.0,,0.0,0.0,0.0,1.0,1.0,0.0,1.0,0.0,2.0,,denglu01
472,Jeremy Evans,30,ATL,SF,1,0,5.0,1.0,1.0,1.000,0.0,0.0,,1.0,1.0,1.000,1.000,0.0,0.0,,1.0,0.0,1.0,0.0,0.0,0.0,1.0,1.0,2.0,,evansje01
473,Daniel Hamilton,22,OKC,SG,6,0,4.7,0.8,1.8,.455,0.3,0.8,.400,0.5,1.0,.500,.545,0.0,0.0,,0.0,0.8,0.8,1.3,0.2,0.0,0.3,0.3,2.0,,hamilda02
474,Gordon Hayward,27,BOS,SF,1,1,5.0,1.0,2.0,.500,0.0,1.0,.000,1.0,1.0,1.000,.500,0.0,0.0,,0.0,1.0,1.0,0.0,0.0,0.0,0.0,1.0,2.0,,haywago01
475,Mangok Mathiang,25,CHO,C,4,0,5.0,1.0,1.8,.571,0.0,0.0,,1.0,1.8,.571,.571,0.0,0.3,.000,0.8,1.8,2.5,0.0,0.3,0.0,0.0,1.3,2.0,,mathima01
476,Justin Patton,20,MIN,C,1,0,4.0,1.0,2.0,.500,0.0,0.0,,1.0,2.0,.500,.500,0.0,0.0,,0.0,0.0,0.0,0.0,1.0,0.0,0.0,1.0,2.0,,pattoju01
477,Quincy Pondexter,29,CHI,SF,23,1,8.5,0.6,2.1,.286,0.1,1.0,.136,0.5,1.2,.407,.316,0.6,0.7,.824,0.3,0.8,1.2,0.4,0.3,0.1,0.5,1.0,2.0,,pondequ01
478,Devin Robinson,22,WAS,SF,1,0,13.0,1.0,3.0,.333,0.0,0.0,,1.0,3.0,.333,.333,0.0,0.0,,2.0,3.0,5.0,0.0,1.0,0.0,0.0,2.0,2.0,,robinde01
479,Edmond Sumner,22,IND,PG,1,0,2.0,1.0,1.0,1.000,0.0,0.0,,1.0,1.0,1.000,1.000,0.0,0.0,,0.0,1.0,1.0,0.0,0.0,0.0,0.0,1.0,2.0,,sumneed01
480,Kyle Singler,29,OKC,SF,12,0,4.9,0.6,1.8,.333,0.2,0.4,.400,0.4,1.3,.313,.381,0.6,1.1,.538,0.1,0.8,0.8,0.2,0.1,0.0,0.3,0.3,1.9,,singlky01
481,Dakari Johnson,22,OKC,C,31,6,5.2,0.7,1.3,.564,0.0,0.0,,0.7,1.3,.564,.564,0.4,0.6,.550,0.5,0.6,1.1,0.3,0.2,0.3,0.1,0.9,1.8,,johnsda04
482,Marshall Plumlee,25,MIL,C,8,0,6.5,0.1,0.4,.333,0.0,0.0,,0.1,0.4,.333,.333,1.5,2.0,.750,0.5,1.6,2.1,0.3,0.0,0.1,0.4,1.3,1.8,,plumlma02
483,Derrick Walton,22,MIA,PG,16,0,9.2,0.5,1.6,.320,0.4,1.1,.412,0.1,0.5,.125,.460,0.4,0.4,1.000,0.1,0.9,1.0,1.0,0.4,0.2,0.1,0.4,1.8,,waltode01
484,Larry Drew II,27,2TM,PG,10,0,7.0,0.7,2.4,.292,0.3,0.9,.333,0.4,1.5,.267,.354,0.0,0.0,,0.3,0.0,0.3,1.0,0.0,0.0,0.3,0.6,1.7,,drewla02
484,Larry Drew II,27,PHI,PG,3,0,5.0,0.3,2.3,.143,0.0,1.0,.000,0.3,1.3,.250,.143,0.0,0.0,,0.3,0.0,0.3,0.7,0.0,0.0,0.3,0.7,0.7,,drewla02
484,Larry Drew II,27,NOP,PG,7,0,7.9,0.9,2.4,.353,0.4,0.9,.500,0.4,1.6,.273,.441,0.0,0.0,,0.3,0.0,0.3,1.1,0.0,0.0,0.3,0.6,2.1,,drewla02
485,DeAndre Liggins,29,2TM,SG,58,4,12.5,0.7,1.8,.377,0.3,0.9,.358,0.4,0.9,.396,.467,0.0,0.1,.400,0.1,1.2,1.3,0.8,0.6,0.2,0.3,1.4,1.7,,liggide01
485,DeAndre Liggins,29,MIL,SG,31,1,15.5,0.7,2.1,.338,0.4,1.2,.306,0.4,0.9,.379,.423,0.1,0.2,.400,0.2,1.4,1.6,0.9,0.9,0.3,0.4,2.0,1.8,,liggide01
485,DeAndre Liggins,29,NOP,SG,27,3,9.0,0.7,1.5,.439,0.3,0.6,.471,0.4,0.9,.417,.537,0.0,0.0,,0.1,0.9,1.0,0.8,0.4,0.1,0.3,0.7,1.6,,liggide01
486,Damian Jones,22,GSW,C,15,0,5.9,0.7,1.5,.500,0.0,0.0,,0.7,1.5,.500,.500,0.2,0.3,.600,0.3,0.6,0.9,0.1,0.1,0.2,0.3,0.9,1.7,,jonesda03
487,Joakim Noah,32,NYK,C,7,0,5.7,0.7,1.4,.500,0.0,0.0,,0.7,1.4,.500,.500,0.3,0.6,.500,0.9,1.1,2.0,0.6,0.3,0.3,0.6,0.7,1.7,,noahjo01
488,Damien Wilkins,38,IND,SF,19,1,8.0,0.7,2.1,.333,0.2,0.9,.222,0.5,1.1,.429,.385,0.2,0.2,.750,0.3,0.6,0.8,0.5,0.1,0.1,0.3,0.4,1.7,,wilkida02
489,Matt Williams,24,MIA,SG,3,0,3.7,0.7,2.0,.333,0.3,1.7,.200,0.3,0.3,1.000,.417,0.0,0.0,,0.0,0.3,0.3,0.0,0.0,0.0,0.3,0.3,1.7,,willima05
490,Furkan Korkmaz,20,PHI,SG,14,0,5.7,0.6,2.0,.286,0.4,1.2,.294,0.2,0.8,.273,.375,0.1,0.3,.500,0.1,0.6,0.8,0.3,0.1,0.1,0.1,0.9,1.6,,korkmfu01
491,James Webb III,24,BRK,SF,10,0,12.0,0.6,2.4,.250,0.4,1.9,.211,0.2,0.5,.400,.333,0.0,0.0,,0.8,1.6,2.4,0.4,0.1,0.0,0.4,1.0,1.6,,webbja01
492,Andrew Bogut,33,LAL,C,24,5,9.0,0.7,1.0,.680,0.0,0.0,,0.7,1.0,.680,.680,0.1,0.1,1.000,1.1,2.2,3.3,0.6,0.2,0.5,0.8,1.7,1.5,,bogutan01
493,Joel Bolomboy,24,MIL,PF,6,0,6.3,0.5,1.0,.500,0.0,0.2,.000,0.5,0.8,.600,.500,0.5,1.0,.500,1.0,0.7,1.7,0.0,0.3,0.0,0.3,0.5,1.5,,bolomjo01
494,Thomas Bryant,20,LAL,C,15,0,4.8,0.5,1.4,.381,0.1,0.7,.100,0.5,0.7,.636,.405,0.3,0.6,.556,0.2,0.9,1.1,0.4,0.1,0.1,0.1,0.4,1.5,,bryanth01
495,Vince Hunter,23,MEM,PF,4,0,1.8,0.8,1.3,.600,0.0,0.0,,0.8,1.3,.600,.600,0.0,0.0,,0.5,0.3,0.8,0.0,0.0,0.3,0.3,0.0,1.5,,huntevi01
496,Richard Jefferson,37,DEN,SF,20,0,8.2,0.6,1.4,.444,0.1,0.4,.286,0.5,1.0,.500,.481,0.2,0.4,.571,0.1,0.8,0.9,0.8,0.1,0.1,0.3,0.6,1.5,,jefferi01
497,Alfonzo McKinnie,25,TOR,SF,14,0,3.8,0.6,1.1,.533,0.2,0.6,.333,0.4,0.4,.833,.633,0.1,0.2,.667,0.1,0.4,0.5,0.1,0.1,0.1,0.2,0.6,1.5,,mckinal01
498,Jeff Withey,27,DAL,C,10,0,3.9,0.6,1.6,.375,0.2,1.0,.200,0.4,0.6,.667,.438,0.1,0.2,.500,0.1,0.9,1.0,0.0,0.0,0.3,0.2,0.3,1.5,,witheje01
499,Antonius Cleveland,23,2TM,SG,17,0,7.2,0.5,1.2,.381,0.2,0.2,.750,0.3,1.0,.294,.452,0.2,0.4,.667,0.2,0.6,0.8,0.1,0.4,0.3,0.4,1.4,1.4,,clevean01
499,Antonius Cleveland,23,DAL,SG,13,0,6.2,0.3,1.1,.286,0.0,0.1,.000,0.3,1.0,.308,.286,0.2,0.3,.500,0.2,0.6,0.8,0.2,0.5,0.3,0.2,0.8,0.8,,clevean01
499,Antonius Cleveland,23,ATL,SG,4,0,10.5,1.0,1.8,.571,0.8,0.8,1.000,0.3,1.0,.250,.786,0.5,0.5,1.000,0.3,0.8,1.0,0.0,0.3,0.3,1.3,3.0,3.3,,clevean01
500,Marcus Georges-Hunt,23,MIN,SG,42,0,5.3,0.5,1.1,.438,0.1,0.4,.267,0.4,0.8,.515,.479,0.3,0.5,.619,0.2,0.2,0.4,0.2,0.1,0.0,0.1,0.8,1.4,,georgma01
501,Markel Brown,26,HOU,SG,4,0,7.8,0.5,1.8,.286,0.3,1.3,.200,0.3,0.5,.500,.357,0.0,0.0,,0.3,1.0,1.3,0.5,0.0,0.0,0.5,1.5,1.3,,brownma02
502,Tim Quarterman,23,HOU,SG,3,0,4.3,0.3,1.0,.333,0.0,0.7,.000,0.3,0.3,1.000,.333,0.7,0.7,1.000,0.0,1.0,1.0,0.3,0.0,0.0,0.7,0.3,1.3,,quartti01
503,Ömer Aşık,31,2TM,C,18,0,10.1,0.5,1.2,.409,0.0,0.0,,0.5,1.2,.409,.409,0.2,0.7,.308,0.5,2.1,2.6,0.2,0.1,0.2,0.5,1.1,1.2,,asikom01
503,Ömer Aşık,31,NOP,C,14,0,8.6,0.5,1.1,.438,0.0,0.0,,0.5,1.1,.438,.438,0.3,0.9,.333,0.5,2.1,2.6,0.1,0.1,0.1,0.4,1.0,1.3,,asikom01
503,Ömer Aşık,31,CHI,C,4,0,15.3,0.5,1.5,.333,0.0,0.0,,0.5,1.5,.333,.333,0.0,0.3,.000,0.5,2.0,2.5,0.3,0.3,0.5,1.0,1.5,1.0,,asikom01
504,Ike Anigbogu,19,IND,C,11,0,2.7,0.4,0.8,.444,0.0,0.0,,0.4,0.8,.444,.444,0.5,0.5,.833,0.5,0.4,0.8,0.0,0.1,0.3,0.2,0.1,1.2,,anigbik01
505,Zhou Qi,22,HOU,C,18,0,6.9,0.3,1.8,.188,0.1,1.1,.105,0.2,0.7,.308,.219,0.4,0.7,.667,0.3,0.9,1.2,0.1,0.1,0.8,0.6,0.8,1.2,,qizh01
506,Demetrius Jackson,23,2TM,PG,15,0,5.3,0.5,1.2,.389,0.1,0.5,.143,0.4,0.7,.545,.417,0.1,0.1,.500,0.3,0.5,0.8,0.6,0.3,0.1,0.7,0.5,1.1,,jacksde01
506,Demetrius Jackson,23,HOU,PG,12,0,5.3,0.3,1.2,.286,0.0,0.5,.000,0.3,0.7,.500,.286,0.0,0.0,,0.3,0.6,0.9,0.4,0.3,0.1,0.8,0.5,0.7,,jacksde01
506,Demetrius Jackson,23,PHI,PG,3,0,5.7,1.0,1.3,.750,0.3,0.3,1.000,0.7,1.0,.667,.875,0.3,0.7,.500,0.3,0.0,0.3,1.3,0.3,0.0,0.3,0.3,2.7,,jacksde01
507,Kadeem Allen,25,BOS,PG,18,1,5.9,0.3,1.2,.273,0.0,0.6,.000,0.3,0.6,.545,.273,0.4,0.5,.778,0.2,0.4,0.6,0.7,0.2,0.1,0.5,0.8,1.1,,allenka01
508,Darrun Hilliard,24,SAS,SG,14,0,6.8,0.4,1.4,.263,0.0,0.4,.000,0.4,0.9,.385,.263,0.4,0.5,.857,0.0,0.5,0.5,0.8,0.1,0.0,0.3,0.5,1.1,,hillida01
509,Matt Costello,24,SAS,C,4,0,8.0,0.5,1.0,.500,0.0,0.0,,0.5,1.0,.500,.500,0.0,0.0,,0.3,2.0,2.3,0.5,0.5,0.5,0.3,1.8,1.0,,costema01
510,PJ Dozier,21,OKC,PG,2,0,1.5,0.5,1.0,.500,0.0,0.0,,0.5,1.0,.500,.500,0.0,0.0,,0.0,0.5,0.5,0.0,0.0,0.0,0.5,0.5,1.0,,doziepj01
511,Reggie Hearn,26,DET,SG,3,0,2.3,0.3,0.7,.500,0.3,0.7,.500,0.0,0.0,,.750,0.0,0.0,,0.0,0.0,0.0,0.0,0.0,0.0,0.0,0.0,1.0,,hearnre01
512,Scotty Hopson,28,DAL,SG,1,0,8.0,0.0,1.0,.000,0.0,0.0,,0.0,1.0,.000,.000,1.0,2.0,.500,0.0,0.0,0.0,1.0,0.0,0.0,1.0,0.0,1.0,,hopsosc01
513,Jake Layman,23,POR,SF,35,1,4.6,0.4,1.3,.298,0.1,0.6,.200,0.3,0.8,.370,.340,0.1,0.1,.667,0.1,0.3,0.5,0.3,0.2,0.1,0.1,0.4,1.0,,laymaja01
514,Georges Niang,24,UTA,PF,9,0,3.6,0.4,1.2,.364,0.0,0.4,.000,0.4,0.8,.571,.364,0.1,0.2,.500,0.3,0.7,1.0,0.3,0.2,0.0,0.3,0.1,1.0,,niangge01
515,Alex Poythress,24,IND,PF,25,0,4.2,0.4,1.0,.423,0.2,0.4,.364,0.3,0.6,.467,.500,0.0,0.0,,0.3,0.4,0.7,0.1,0.1,0.0,0.1,0.6,1.0,,poythal01
516,Derrick Williams,26,LAL,PF,2,0,4.5,0.5,2.0,.250,0.0,1.0,.000,0.5,1.0,.500,.250,0.0,0.0,,0.0,0.5,0.5,0.0,0.0,0.0,0.0,0.0,1.0,,willide02
517,D.J. Wilson,21,MIL,PF,22,0,3.2,0.4,0.7,.563,0.1,0.2,.400,0.3,0.5,.636,.625,0.0,0.1,.500,0.1,0.4,0.5,0.1,0.1,0.0,0.2,0.3,1.0,,wilsodj01
518,Tony Bradley,20,UTA,C,9,0,3.2,0.3,1.2,.273,0.0,0.1,.000,0.3,1.1,.300,.273,0.2,0.2,1.000,0.4,0.8,1.2,0.1,0.0,0.0,0.0,0.1,0.9,,bradlto01
519,Julyan Stone,29,CHO,SG,23,0,7.6,0.3,0.6,.462,0.3,0.6,.462,0.0,0.0,,.692,0.0,0.1,.500,0.0,1.2,1.3,1.1,0.2,0.1,0.3,0.9,0.8,,stoneju01
520,Jacob Wiley,23,BRK,PF,5,0,6.6,0.2,0.8,.250,0.2,0.4,.500,0.0,0.4,.000,.375,0.2,0.4,.500,0.4,1.8,2.2,0.4,0.2,0.0,0.0,0.8,0.8,,wileyja01
521,Jacob Pullen,28,PHI,PG,3,0,2.0,0.3,0.7,.500,0.0,0.3,.000,0.3,0.3,1.000,.500,0.0,0.0,,0.0,0.0,0.0,0.0,0.0,0.0,0.3,0.0,0.7,,pulleja01
522,Josh Smith,32,NOP,PF,3,0,4.0,0.3,1.3,.250,0.0,0.0,,0.3,1.3,.250,.250,0.0,0.0,,1.0,0.3,1.3,0.0,0.0,0.0,0.0,1.0,0.7,,smithjo03
523,Cole Aldrich,29,MIN,C,21,0,2.3,0.2,0.7,.333,0.0,0.0,,0.2,0.7,.333,.333,0.1,0.3,.333,0.1,0.6,0.7,0.1,0.1,0.0,0.0,0.5,0.6,,aldrico01
524,Vander Blue,25,LAL,SG,5,0,9.0,0.2,1.0,.200,0.0,0.4,.000,0.2,0.6,.333,.200,0.2,0.4,.500,0.0,0.2,0.2,0.6,0.2,0.0,0.6,0.4,0.6,,blueva01
525,Udonis Haslem,37,MIA,C,14,0,5.1,0.2,1.1,.200,0.1,0.6,.125,0.1,0.5,.286,.233,0.1,0.1,.500,0.2,0.5,0.7,0.4,0.0,0.1,0.1,0.2,0.6,,hasleud01
526,Charles Cooke,23,NOP,SG,13,0,2.9,0.2,1.1,.143,0.1,0.6,.125,0.1,0.5,.167,.179,0.1,0.2,.500,0.0,0.2,0.2,0.1,0.1,0.0,0.1,0.0,0.5,,cookech01
527,Xavier Munford,25,MIL,SG,6,0,3.5,0.2,1.0,.167,0.0,0.3,.000,0.2,0.7,.250,.167,0.2,0.3,.500,0.2,0.0,0.2,0.7,0.2,0.0,0.3,0.7,0.5,,munfoxa02
528,London Perrantes,23,CLE,PG,14,0,4.7,0.1,0.9,.154,0.0,0.2,.000,0.1,0.7,.200,.154,0.2,0.4,.600,0.1,0.2,0.3,0.4,0.1,0.1,0.1,0.4,0.5,,perralo01
529,Nate Wolters,26,UTA,PG,5,0,3.8,0.2,1.2,.167,0.0,0.0,,0.2,1.2,.167,.167,0.0,0.0,,0.2,0.2,0.4,0.2,0.0,0.0,0.0,0.2,0.4,,woltena01
530,Chris Boucher,25,GSW,PF,1,0,1.0,0.0,1.0,.000,0.0,1.0,.000,0.0,0.0,,.000,0.0,0.0,,0.0,1.0,1.0,0.0,0.0,0.0,0.0,0.0,0.0,,bouchch01
531,Nicolás Brussino,24,ATL,SF,4,0,2.5,0.0,0.5,.000,0.0,0.5,.000,0.0,0.0,,.000,0.0,0.0,,0.0,0.8,0.8,0.0,0.0,0.0,0.0,0.0,0.0,,brussni01
532,Jarell Eddie,26,2TM,SF,3,0,3.0,0.0,0.7,.000,0.0,0.7,.000,0.0,0.0,,.000,0.0,0.0,,0.0,0.3,0.3,0.0,0.3,0.0,0.0,0.0,0.0,,eddieja01
532,Jarell Eddie,26,BOS,SF,2,0,3.0,0.0,0.5,.000,0.0,0.5,.000,0.0,0.0,,.000,0.0,0.0,,0.0,0.5,0.5,0.0,0.5,0.0,0.0,0.0,0.0,,eddieja01
532,Jarell Eddie,26,CHI,SF,1,0,3.0,0.0,1.0,.000,0.0,1.0,.000,0.0,0.0,,.000,0.0,0.0,,0.0,0.0,0.0,0.0,0.0,0.0,0.0,0.0,0.0,,eddieja01
533,Mindaugas Kuzminskas,28,NYK,SF,1,0,2.0,0.0,2.0,.000,0.0,0.0,,0.0,2.0,.000,.000,0.0,0.0,,0.0,0.0,0.0,0.0,0.0,0.0,0.0,0.0,0.0,,kuzmimi01
534,Tyler Lydon,21,DEN,PF,1,0,2.0,0.0,0.0,,0.0,0.0,,0.0,0.0,,,0.0,0.0,,0.0,0.0,0.0,0.0,0.0,0.0,0.0,0.0,0.0,,lydonty01
535,Erik McCree,24,UTA,SF,4,0,2.0,0.0,0.5,.000,0.0,0.3,.000,0.0,0.3,.000,.000,0.0,0.0,,0.0,0.3,0.3,0.0,0.3,0.0,0.3,0.0,0.0,,mccreer01
536,Trey McKinney-Jones,27,IND,SG,1,0,1.0,0.0,0.0,,0.0,0.0,,0.0,0.0,,,0.0,0.0,,0.0,0.0,0.0,0.0,0.0,0.0,0.0,0.0,0.0,,mckintr01
537,Josh McRoberts,30,DAL,PF,2,0,3.0,0.0,0.5,.000,0.0,0.5,.000,0.0,0.0,,.000,0.0,0.0,,0.0,0.0,0.0,0.0,0.0,0.0,0.0,1.0,0.0,,mcrobjo01
538,Luis Montero,24,DET,SG,2,0,4.0,0.0,0.5,.000,0.0,0.0,,0.0,0.5,.000,.000,0.0,0.0,,0.0,1.0,1.0,0.0,0.0,0.0,1.0,0.0,0.0,,montelu01
539,Ben Moore,22,IND,PF,2,0,4.5,0.0,0.0,,0.0,0.0,,0.0,0.0,,,0.0,0.0,,0.0,0.5,0.5,0.5,0.0,0.0,0.0,2.0,0.0,,moorebe01
540,Xavier Silas,30,BOS,SG,2,0,3.5,0.0,1.5,.000,0.0,1.0,.000,0.0,0.5,.000,.000,0.0,0.0,,0.5,0.5,1.0,0.0,0.5,0.0,0.0,0.5,0.0,,silasxa01
,League Average,,,,,,,,,.460,,,.362,,,.510,.521,,,.767,,,,,,,,,,,-9999
